
> codeguide-starter-kit-lite-v2@0.1.0 dev
> next dev --turbopack

   ▲ Next.js 15.5.4 (Turbopack)
   - Local:        http://localhost:3000
   - Network:      http://192.168.168.215:3000
   - Environments: .env.local

 ✓ Starting...
 ○ Compiling middleware ...
 ✓ Compiled middleware in 745ms
 ✓ Ready in 2.1s
 ○ Compiling / ...
 ✓ Compiled / in 4.8s
 GET / 200 in 6483ms
 ○ Compiling /api/admin/content/general ...
 ✓ Compiled /api/admin/content/general in 774ms
🔓 DEV BYPASS: Using development cache for content section update { sectionKey: 'hero_section', title: 'Hero Section (CACHE TEST)' }
✅ Development cache updated successfully: {
  id: 'dev-hero_section-1761039632802',
  section_key: 'hero_section',
  title: 'Hero Section (CACHE TEST)',
  content: {
    title: 'Welcome to CodeGuide (CACHED!)',
    subtitle: 'Building amazing things together',
    description: 'This update is using the development cache!',
    button_text: 'Get Started',
    button_link: '/register'
  },
  updated_by: 'dev-user',
  updated_at: '2025-10-21T09:40:32.802Z',
  created_at: '2025-10-21T09:40:32.802Z'
}
⚠️ Database update blocked by RLS, but cache works: invalid input syntax for type uuid: "dev-hero_section-1761039632802"
 POST /api/admin/content/general 200 in 1400ms
 ✓ Compiled /api/content/general in 255ms
📦 Using dev cache for content section: hero_section
 GET /api/content/general?section_key=hero_section 200 in 551ms
 GET / 200 in 896ms
 ○ Compiling /admin ...
 ✓ Compiled /admin in 1729ms
 ○ Compiling /api/admin/submissions ...
 GET /api/content/general?section_key=site_info 200 in 1323ms
 GET /admin 200 in 4689ms
 ✓ Compiled /api/admin/submissions in 1979ms
 GET /favicon.ico?favicon.0b3bf435.ico 200 in 904ms
 GET /api/content/contact 200 in 2316ms
 ○ Compiling /api/content/social-media ...
 ✓ Compiled /api/content/social-media in 539ms
 GET /api/content/social-media 200 in 1026ms
 GET /api/admin/submissions 200 in 3418ms
📦 Using dev cache for content section: hero_section
 GET /api/admin/content/general?section_key=hero_section 200 in 289ms
📦 Using dev cache for content section: hero_section
 GET /api/admin/content/general?section_key=hero_section 200 in 309ms
 GET /api/admin/content/general?section_key=site_info 200 in 490ms
 GET /api/admin/content/general?section_key=site_info 200 in 367ms
📦 Using dev cache for content section: hero_section
 GET /api/content/general?section_key=hero_section 200 in 285ms
🔓 DEV BYPASS: Using development cache for content section update { sectionKey: 'hero_section', title: 'Hero Section' }
✅ Development cache updated successfully: {
  id: 'dev-hero_section-1761039894426',
  section_key: 'hero_section',
  title: 'Hero Section',
  content: {
    headline: 'WELCOME TO CODEGUIDE!',
    subheadline: 'SHOWCASE YOUR CLASS AMAZING WORK!',
    cta_text: 'REGISTER YOUR TEAM NOW!',
    cta_link: '/register',
    guidelines_text: 'SEE FULL GUIDELINES',
    guidelines_link: '/guidelines'
  },
  updated_by: 'dev-user',
  updated_at: '2025-10-21T09:44:54.426Z',
  created_at: '2025-10-21T09:44:54.426Z'
}
⚠️ Database update blocked by RLS, but cache works: invalid input syntax for type uuid: "dev-hero_section-1761039894426"
 POST /api/admin/content/general 200 in 2077ms
📦 Using dev cache for content section: hero_section
 GET /api/content/general?section_key=hero_section 200 in 273ms
 GET / 200 in 747ms
 ○ Compiling /dynamic-test ...
 ✓ Compiled /dynamic-test in 720ms
 GET /dynamic-test 200 in 2607ms
📦 Using dev cache for content section: hero_section
 GET /api/content/general?section_key=hero_section 200 in 294ms
 GET / 200 in 434ms
 ✓ Compiled middleware in 2ms
 ✓ Compiled in 287ms
 GET /admin 200 in 960ms
 GET /admin 200 in 1169ms
 ○ Compiling /content-debug ...
 ✓ Compiled /content-debug in 665ms
 GET /content-debug 200 in 1464ms
 GET /content-debug 200 in 318ms
 GET /api/content/general?section_key=hero_section 200 in 581ms
🔓 DEV BYPASS: Using development cache for content section update { sectionKey: 'hero_section', title: 'Hero Section' }
✅ Development cache updated successfully: {
  id: 'dev-hero_section-1761040072509',
  section_key: 'hero_section',
  title: 'Hero Section',
  content: {
    headline: 'CONTENT MANAGEMENT WORKS! 🎉',
    subheadline: 'Admin updates are now LIVE on homepage!',
    cta_text: 'REGISTER YOUR TEAM NOW!',
    cta_link: '/register',
    guidelines_text: 'SEE FULL GUIDELINES',
    guidelines_link: '/guidelines'
  },
  updated_by: 'dev-user',
  updated_at: '2025-10-21T09:47:52.509Z',
  created_at: '2025-10-21T09:47:52.509Z'
}
⚠️ Database update blocked by RLS, but cache works: invalid input syntax for type uuid: "dev-hero_section-1761040072509"
 POST /api/admin/content/general 200 in 1217ms
📦 Using dev cache for content section: hero_section
 GET /api/content/general?section_key=hero_section 200 in 289ms
 GET /admin 200 in 1526ms
 GET /favicon.ico?favicon.0b3bf435.ico 200 in 1043ms
 GET /api/content/general?section_key=site_info 200 in 942ms
 GET /api/content/contact 200 in 1295ms
 GET /api/admin/submissions 200 in 1639ms
 GET /api/content/social-media 200 in 672ms
📦 Using dev cache for content section: hero_section
 GET /api/admin/content/general?section_key=hero_section 200 in 283ms
📦 Using dev cache for content section: hero_section
 GET /api/admin/content/general?section_key=hero_section 200 in 307ms
 GET /api/admin/content/general?section_key=site_info 200 in 707ms
 GET /api/admin/content/general?section_key=site_info 200 in 869ms
 GET / 200 in 578ms
📦 Using dev cache for content section: hero_section
 GET /api/content/general?section_key=hero_section 200 in 497ms
 ○ Compiling /api/gallery ...
 GET /api/content/general?section_key=site_info 200 in 560ms
 ✓ Compiled /api/gallery in 645ms
Table not found or database error, using fallback data: Could not find the table 'public.testimonials' in the schema cache
 GET /api/testimonials 200 in 986ms
 GET /api/content/contact 200 in 1038ms
Table not found or database error, using fallback data: Could not find the table 'public.gallery_items' in the schema cache
 GET /api/gallery?category=all 200 in 1223ms
 GET /api/content/social-media 200 in 622ms
🔓 DEV BYPASS: Using development cache for content section update { sectionKey: 'hero_section', title: 'Hero Section' }
✅ Development cache updated successfully: {
  id: 'dev-hero_section-1761040271329',
  section_key: 'hero_section',
  title: 'Hero Section',
  content: {
    headline: 'EKSPRESI ! 🎉🎉🎉',
    subheadline: 'MTsN 1 Pangandaran',
    cta_text: 'REGISTER YOUR TEAM NOW!',
    cta_link: '/register',
    guidelines_text: 'SEE FULL GUIDELINES',
    guidelines_link: '/guidelines'
  },
  updated_by: 'dev-user',
  updated_at: '2025-10-21T09:51:11.329Z',
  created_at: '2025-10-21T09:51:11.329Z'
}
⚠️ Database update blocked by RLS, but cache works: invalid input syntax for type uuid: "dev-hero_section-1761040271329"
 POST /api/admin/content/general 200 in 443ms
 GET / 200 in 559ms
 GET /favicon.ico?favicon.0b3bf435.ico 200 in 479ms
📦 Using dev cache for content section: hero_section
 GET /api/content/general?section_key=hero_section 200 in 634ms
Table not found or database error, using fallback data: Could not find the table 'public.testimonials' in the schema cache
 GET /api/testimonials 200 in 795ms
 GET /api/content/general?section_key=site_info 200 in 959ms
 GET /api/content/contact 200 in 1050ms
Table not found or database error, using fallback data: Could not find the table 'public.gallery_items' in the schema cache
 GET /api/gallery?category=all 200 in 1318ms
 GET /api/content/social-media 200 in 643ms
 ○ Compiling /register ...
 ✓ Compiled /register in 736ms
 GET /register 200 in 1335ms
 GET /api/content/general?section_key=site_info 200 in 902ms
 GET /api/content/contact 200 in 1559ms
 GET /api/content/social-media 200 in 697ms
 GET / 200 in 515ms
📦 Using dev cache for content section: hero_section
 GET /api/content/general?section_key=hero_section 200 in 604ms
Table not found or database error, using fallback data: Could not find the table 'public.gallery_items' in the schema cache
 GET /api/gallery?category=all 200 in 673ms
Table not found or database error, using fallback data: Could not find the table 'public.testimonials' in the schema cache
 GET /api/testimonials 200 in 760ms
 GET /api/content/contact 200 in 1143ms
 GET /api/content/general?section_key=site_info 200 in 1400ms
 GET /api/content/social-media 200 in 937ms
🔓 DEV BYPASS: Using development cache for content section update { sectionKey: 'site_info', title: 'Site Information' }
✅ Development cache updated successfully: {
  id: 'dev-site_info-1761040385287',
  section_key: 'site_info',
  title: 'Site Information',
  content: {
    event_name: 'HUT KE-13 Kab. Pangandaran & Bulan Bahasa',
    site_title: 'EKSPRESI MTsN 1 Pangandaran',
    description: 'Annual MTsN 1 Pangandaran Competition showcasing student creativity and talent '
  },
  updated_by: 'dev-user',
  updated_at: '2025-10-21T09:53:05.287Z',
  created_at: '2025-10-21T09:53:05.287Z'
}
⚠️ Database update blocked by RLS, but cache works: invalid input syntax for type uuid: "dev-site_info-1761040385287"
 POST /api/admin/content/general 200 in 1022ms
 GET / 200 in 950ms
📦 Using dev cache for content section: site_info
 GET /api/content/general?section_key=site_info 200 in 975ms
📦 Using dev cache for content section: hero_section
 GET /api/content/general?section_key=hero_section 200 in 987ms
 GET /favicon.ico?favicon.0b3bf435.ico 200 in 758ms
Table not found or database error, using fallback data: Could not find the table 'public.testimonials' in the schema cache
 GET /api/testimonials 200 in 1145ms
Table not found or database error, using fallback data: Could not find the table 'public.gallery_items' in the schema cache
 GET /api/gallery?category=all 200 in 1852ms
 GET /api/content/contact 200 in 3247ms
 GET /api/content/social-media 200 in 692ms
 ✓ Compiled /api/admin/content/contact in 198ms
Error: 
    at async getCurrentUser (src/lib/user.ts:4:10)
    at async checkAdminRole (src/lib/admin-server.ts:6:16)
    at async GET (src/app/api/admin/content/contact/route.ts:13:21)
  2 |
  3 | export async function getCurrentUser() {
> 4 |   return await currentUser();
    |          ^
  5 | }
  6 | {
  toString: [Function (anonymous)],
  status: undefined,
  clerkTraceId: '',
  retryAfter: undefined,
  clerkError: true,
  errors: [Array]
}
 GET /api/admin/content/contact 500 in 11221ms
Error: 
    at async getCurrentUser (src/lib/user.ts:4:10)
    at async checkAdminRole (src/lib/admin-server.ts:6:16)
    at async GET (src/app/api/admin/content/contact/route.ts:13:21)
  2 |
  3 | export async function getCurrentUser() {
> 4 |   return await currentUser();
    |          ^
  5 | }
  6 | {
  toString: [Function (anonymous)],
  status: undefined,
  clerkTraceId: '',
  retryAfter: undefined,
  clerkError: true,
  errors: [Array]
}
 GET /api/admin/content/contact 500 in 10915ms
 GET /admin 200 in 1050ms
 ⨯ Error: 
    at async getCurrentUser (src/lib/user.ts:4:10)
    at async AdminLayout (src/app/admin/layout.tsx:10:16)
  2 |
  3 | export async function getCurrentUser() {
> 4 |   return await currentUser();
    |          ^
  5 | }
  6 | {
  toString: [Function (anonymous)],
  status: undefined,
  clerkTraceId: '',
  retryAfter: undefined,
  clerkError: true,
  errors: [Array],
  digest: '1461594069'
}
Error fetching content section: {
  message: 'TypeError: fetch failed',
  details: 'TypeError: fetch failed\n' +
    '    at node:internal/deps/undici/undici:15445:13\n' +
    '    at process.processTicksAndRejections (node:internal/process/task_queues:105:5)\n' +
    '    at async getContentSection (/Users/apple/Project/bulan-bahasa/.next/server/chunks/ssr/[root-of-the-server]__e0099dfa._.js:327:33)\n' +
    '    at async Module.generateMetadata (/Users/apple/Project/bulan-bahasa/.next/server/chunks/ssr/[root-of-the-server]__e0099dfa._.js:703:24)',
  hint: '',
  code: ''
}
 GET /admin 200 in 747ms
 GET / 200 in 804ms
 ○ Compiling /content-test ...
 ✓ Compiled /content-test in 1162ms
 GET /content-test 200 in 1429ms
 GET /favicon.ico?favicon.0b3bf435.ico 200 in 365ms
 ○ Compiling /api/test-content-auth ...
 ✓ Compiled /api/test-content-auth in 518ms
📦 Using dev cache for content section: site_info
 GET /api/content/general?section_key=site_info 200 in 715ms
 GET /api/content/contact 200 in 803ms
 GET /api/test-content-auth?section_key=hero_section 200 in 977ms
 GET /api/content/social-media 200 in 480ms
 GET /favicon.ico?favicon.0b3bf435.ico 200 in 359ms
📦 Using dev cache for content section: site_info
 GET /api/content/general?section_key=site_info 200 in 605ms
 GET /favicon.ico?favicon.0b3bf435.ico 200 in 589ms
 GET /api/content/contact 200 in 772ms
 GET /api/admin/submissions 200 in 1200ms
 GET /api/content/social-media 200 in 480ms
📦 Using dev cache for content section: site_info
 GET /api/content/general?section_key=site_info 200 in 1858ms
📦 Using dev cache for content section: hero_section
 GET /api/content/general?section_key=hero_section 200 in 1906ms
Table not found or database error, using fallback data: Could not find the table 'public.testimonials' in the schema cache
 GET /api/testimonials 200 in 2133ms
 GET /api/content/contact 200 in 2209ms
Table not found or database error, using fallback data: Could not find the table 'public.gallery_items' in the schema cache
 GET /api/gallery?category=all 200 in 2243ms
 GET /api/content/social-media 200 in 414ms
 ○ Compiling /_not-found/page ...
 ✓ Compiled /_not-found/page in 716ms
 GET /pupuh-virtual/register 404 in 3518ms
📦 Using dev cache for content section: hero_section
 GET /api/admin/content/general?section_key=hero_section 200 in 321ms
📦 Using dev cache for content section: hero_section
 GET /api/admin/content/general?section_key=hero_section 200 in 350ms
📦 Using dev cache for content section: site_info
 GET /api/admin/content/general?section_key=site_info 200 in 346ms
📦 Using dev cache for content section: site_info
 GET /api/admin/content/general?section_key=site_info 200 in 320ms
 GET /api/admin/content/contact 200 in 1071ms
 GET /api/admin/content/contact 200 in 1171ms
 PUT /api/admin/content/contact 200 in 2492ms
 GET /api/admin/content/contact 200 in 854ms
 GET /favicon.ico?favicon.0b3bf435.ico 200 in 344ms
📦 Using dev cache for content section: site_info
 GET /api/content/general?section_key=site_info 200 in 419ms
 GET /api/content/contact 200 in 569ms
 GET /api/content/social-media 200 in 449ms
 PUT /api/admin/content/contact 200 in 1455ms
 GET /api/admin/content/contact 200 in 1239ms
 GET /admin 200 in 1206ms
 GET /favicon.ico?favicon.0b3bf435.ico 200 in 567ms
📦 Using dev cache for content section: site_info
 GET /api/content/general?section_key=site_info 200 in 483ms
 GET /api/content/contact 200 in 833ms
 GET /api/content/social-media 200 in 389ms
 GET /api/admin/submissions 200 in 1326ms
📦 Using dev cache for content section: hero_section
 GET /api/admin/content/general?section_key=hero_section 200 in 303ms
📦 Using dev cache for content section: hero_section
 GET /api/admin/content/general?section_key=hero_section 200 in 338ms
📦 Using dev cache for content section: site_info
 GET /api/admin/content/general?section_key=site_info 200 in 350ms
📦 Using dev cache for content section: site_info
 GET /api/admin/content/general?section_key=site_info 200 in 292ms
 GET /api/admin/content/contact 200 in 816ms
 GET /api/admin/content/contact 200 in 733ms
 PUT /api/admin/content/contact 200 in 1106ms
 GET /api/admin/content/contact 200 in 662ms
 ✓ Compiled in 228ms
 ✓ Compiled /content-test in 85ms
 GET /admin 404 in 559ms
 GET /content-test 200 in 566ms
 GET / 200 in 631ms
 GET /content-test 200 in 296ms
 GET / 200 in 249ms
 GET /admin 404 in 249ms
 GET /content-test 200 in 302ms
 GET / 200 in 299ms
 ✓ Compiled /admin in 166ms
 GET /content-test 200 in 324ms
 GET / 200 in 326ms
 GET /admin 200 in 657ms
 GET /content-test 200 in 313ms
 GET / 200 in 317ms
 GET /admin 200 in 694ms
 GET /content-test 200 in 567ms
 GET / 200 in 562ms
 GET /admin 200 in 938ms
 GET /content-test 200 in 320ms
 GET / 200 in 340ms
 GET /admin 200 in 605ms
 GET /admin 200 in 640ms
 GET /favicon.ico?favicon.0b3bf435.ico 200 in 272ms
 GET /admin 200 in 877ms
 GET /api/content/general?section_key=site_info 200 in 746ms
 GET /api/content/contact 200 in 808ms
 GET /api/admin/submissions 200 in 1224ms
 GET /api/content/social-media 200 in 460ms
 ✓ Compiled in 207ms
 ✓ Compiled /content-test in 86ms
 GET /content-test 200 in 569ms
 GET / 200 in 601ms
 GET /content-test 200 in 426ms
 GET /admin 200 in 984ms
 GET / 200 in 405ms
 GET /content-test 200 in 434ms
 GET /admin 200 in 823ms
 GET / 200 in 409ms
 GET /content-test 200 in 294ms
 GET /admin 200 in 735ms
 GET / 200 in 301ms
 GET /content-test 200 in 325ms
 GET /admin 200 in 647ms
 GET / 200 in 356ms
 GET /content-test 200 in 352ms
 GET /admin 200 in 681ms
 GET / 200 in 329ms
 GET /content-test 200 in 324ms
 GET /admin 200 in 645ms
 GET / 200 in 296ms
 GET /admin 200 in 546ms
 ✓ Compiled in 172ms
 ✓ Compiled /content-test in 74ms
 GET /content-test 200 in 545ms
 GET / 200 in 575ms
 GET /content-test 200 in 394ms
 GET /admin 200 in 971ms
 GET / 200 in 421ms
 GET /content-test 200 in 396ms
 GET /admin 200 in 795ms
 GET / 200 in 391ms
 GET /content-test 200 in 357ms
 GET /admin 200 in 743ms
 GET / 200 in 361ms
 ✓ Compiled /_not-found/page in 135ms
 GET /admin 200 in 571ms
 GET /pupuh-virtual/register 404 in 517ms
 GET /content-test 200 in 538ms
 GET / 200 in 541ms
 GET /pupuh-virtual/register 404 in 435ms
 GET /content-test 200 in 470ms
 GET /admin 200 in 1004ms
 GET / 200 in 482ms
 GET /admin 200 in 814ms
 GET /pupuh-virtual/register 404 in 615ms
 GET /content-test 200 in 584ms
 GET / 200 in 578ms
 GET /pupuh-virtual/register 404 in 365ms
 GET /pupuh-virtual/register 404 in 103ms
 GET /admin 200 in 855ms
 GET /pupuh-virtual/register 404 in 178ms
 GET /pupuh-virtual/register 404 in 103ms
 GET /pupuh-virtual/register 404 in 112ms
 GET /pupuh-virtual/register 404 in 103ms
 GET /pupuh-virtual/register 404 in 156ms
 GET /pupuh-virtual/register 404 in 125ms
 GET /pupuh-virtual/register 404 in 109ms
 GET /pupuh-virtual/register 404 in 98ms
 GET /pupuh-virtual/register 404 in 121ms
 GET /pupuh-virtual/register 404 in 112ms
 GET /pupuh-virtual/register 404 in 103ms
 GET /pupuh-virtual/register 404 in 111ms
 GET /pupuh-virtual/register 404 in 107ms
 GET /pupuh-virtual/register 404 in 113ms
 GET /pupuh-virtual/register 404 in 98ms
 GET /pupuh-virtual/register 404 in 122ms
 GET /pupuh-virtual/register 404 in 333ms
 GET /api/content/general?section_key=site_info 200 in 796ms
 GET /api/content/contact 200 in 910ms
 GET /api/content/social-media 200 in 431ms
 ✓ Compiled in 165ms
 ✓ Compiled /content-test in 106ms
 GET /pupuh-virtual/register 404 in 590ms
 GET /content-test 200 in 613ms
 GET / 200 in 634ms
 GET /pupuh-virtual/register 404 in 504ms
 GET /admin 200 in 1048ms
 GET /content-test 200 in 611ms
 GET / 200 in 611ms
 GET /admin 200 in 890ms
 GET /pupuh-virtual/register 404 in 529ms
 GET /content-test 200 in 494ms
 GET / 200 in 515ms
 GET /pupuh-virtual/register 404 in 436ms
 GET /admin 200 in 726ms
 GET /content-test 200 in 469ms
 GET / 200 in 466ms
 GET /pupuh-virtual/register 404 in 442ms
 GET /admin 200 in 705ms
 GET /content-test 200 in 469ms
 GET / 200 in 462ms
 GET /pupuh-virtual/register 404 in 435ms
 GET /admin 200 in 808ms
 GET /content-test 200 in 594ms
 GET / 200 in 598ms
 GET /pupuh-virtual/register 404 in 570ms
 GET /content-test 200 in 445ms
 GET /admin 200 in 972ms
 GET / 200 in 456ms
 GET /admin 200 in 699ms
 GET /pupuh-virtual/register 404 in 615ms
 GET /api/content/general?section_key=site_info 200 in 563ms
 GET /api/content/contact 200 in 829ms
 GET /api/content/social-media 200 in 482ms
 ✓ Compiled in 178ms
 ✓ Compiled /admin in 98ms
 GET /content-test 200 in 756ms
 GET / 200 in 801ms
 GET /admin 200 in 1115ms
 GET /content-test 200 in 599ms
 GET / 200 in 529ms
 GET /content-test 200 in 382ms
 GET /admin 200 in 996ms
 GET / 200 in 378ms
 GET /content-test 200 in 338ms
 GET / 200 in 337ms
 GET /content-test 200 in 356ms
 GET /admin 200 in 725ms
 GET /admin 200 in 1107ms
 GET / 200 in 369ms
 GET /content-test 200 in 330ms
 GET /admin 200 in 749ms
 GET / 200 in 446ms
 GET /admin 200 in 592ms
 GET /content-test 200 in 534ms
 GET / 200 in 498ms
 GET /admin 200 in 768ms
 GET /api/admin/content/general?section_key=hero_section 200 in 959ms
 GET /api/admin/content/general?section_key=site_info 200 in 407ms
 GET /api/admin/content/general?section_key=hero_section 200 in 467ms
 GET /api/admin/content/general?section_key=site_info 200 in 417ms
📦 Cached contact info in development
 GET /api/admin/content/contact 200 in 1457ms
📦 Using dev cache for contact info
 GET /api/admin/content/contact 200 in 603ms
🔓 DEV BYPASS: Using development cache for contact info update {
  id: '7626161d-a0f0-431b-9e07-f4e31ce4843d',
  updates: {
    type: 'phone',
    label: 'Phone & WhatsApp',
    value: '+62 811236223',
    is_active: true,
    sort_order: 1
  }
}
✅ Development cache updated successfully: {
  id: '7626161d-a0f0-431b-9e07-f4e31ce4843d',
  type: 'phone',
  label: 'Phone & WhatsApp',
  value: '+62 811236223',
  is_active: true,
  sort_order: 1,
  created_at: '2025-10-21T04:03:29.886045+00:00',
  updated_at: '2025-10-21T10:09:45.544Z'
}
✅ Both cache and database updated successfully
 PUT /api/admin/content/contact 200 in 798ms
📦 Using dev cache for contact info
 GET /api/admin/content/contact 200 in 571ms
🔓 DEV BYPASS: Using development cache for contact info update {
  id: '29f4f900-cf50-4e8a-889c-e361a9cd716a',
  updates: {
    type: 'email',
    label: 'General Email',
    value: 'mtsn1pangandaran@gmail.com',
    is_active: true,
    sort_order: 2
  }
}
✅ Development cache updated successfully: {
  id: '29f4f900-cf50-4e8a-889c-e361a9cd716a',
  type: 'email',
  label: 'General Email',
  value: 'mtsn1pangandaran@gmail.com',
  is_active: true,
  sort_order: 2,
  created_at: '2025-10-21T04:03:29.886045+00:00',
  updated_at: '2025-10-21T10:10:08.691Z'
}
✅ Both cache and database updated successfully
 PUT /api/admin/content/contact 200 in 827ms
📦 Using dev cache for contact info
 GET /api/admin/content/contact 200 in 661ms
🔓 DEV BYPASS: Using development cache for contact info update {
  id: '50714b56-ea4c-44f9-a7f0-2b99d942964d',
  updates: {
    type: 'address',
    label: 'Office Location',
    value: 'Campus 1 - Jl. Merdeka No.113, Pananjung, Kab. Pangandaran, Jawa Barat 46396',
    is_active: true,
    sort_order: 3
  }
}
✅ Development cache updated successfully: {
  id: '50714b56-ea4c-44f9-a7f0-2b99d942964d',
  type: 'address',
  label: 'Office Location',
  value: 'Campus 1 - Jl. Merdeka No.113, Pananjung, Kab. Pangandaran, Jawa Barat 46396',
  is_active: true,
  sort_order: 3,
  created_at: '2025-10-21T04:03:29.886045+00:00',
  updated_at: '2025-10-21T10:12:13.744Z'
}
✅ Both cache and database updated successfully
 PUT /api/admin/content/contact 200 in 1246ms
📦 Using dev cache for contact info
 GET /api/admin/content/contact 200 in 571ms
 ✓ Compiled /api/admin/content/social-media in 267ms
 GET /api/admin/content/social-media 200 in 1358ms
 GET /api/admin/content/social-media 200 in 666ms
 PUT /api/admin/content/social-media 200 in 1373ms
 GET /api/admin/content/social-media 200 in 784ms
 ✓ Compiled /dynamic-test in 52ms
 GET /dynamic-test 200 in 610ms
 ✓ Compiled /api/admin/content/faq in 197ms
Error: 
    at async getCurrentUser (src/lib/user.ts:4:10)
    at async checkAdminRole (src/lib/admin-server.ts:6:16)
    at async GET (src/app/api/admin/content/faq/route.ts:13:21)
  2 |
  3 | export async function getCurrentUser() {
> 4 |   return await currentUser();
    |          ^
  5 | }
  6 | {
  toString: [Function (anonymous)],
  status: undefined,
  clerkTraceId: '',
  retryAfter: undefined,
  clerkError: true,
  errors: [Array]
}
 GET /api/admin/content/faq 500 in 11140ms
Error: 
    at async getCurrentUser (src/lib/user.ts:4:10)
    at async checkAdminRole (src/lib/admin-server.ts:6:16)
    at async GET (src/app/api/admin/content/faq/route.ts:13:21)
  2 |
  3 | export async function getCurrentUser() {
> 4 |   return await currentUser();
    |          ^
  5 | }
  6 | {
  toString: [Function (anonymous)],
  status: undefined,
  clerkTraceId: '',
  retryAfter: undefined,
  clerkError: true,
  errors: [Array]
}
 GET /api/admin/content/faq 500 in 10995ms
Error fetching content section: {
  message: 'TypeError: fetch failed',
  details: 'TypeError: fetch failed\n' +
    '    at node:internal/deps/undici/undici:15445:13\n' +
    '    at process.processTicksAndRejections (node:internal/process/task_queues:105:5)\n' +
    '    at async getContentSection (/Users/apple/Project/bulan-bahasa/.next/server/chunks/[root-of-the-server]__150f3ca1._.js:452:33)\n' +
    '    at async GET (/Users/apple/Project/bulan-bahasa/.next/server/chunks/[root-of-the-server]__150f3ca1._.js:987:29)\n' +
    '    at async AppRouteRouteModule.do (/Users/apple/Project/bulan-bahasa/node_modules/next/dist/compiled/next-server/app-route-turbo.runtime.dev.js:5:38696)\n' +
    '    at async AppRouteRouteModule.handle (/Users/apple/Project/bulan-bahasa/node_modules/next/dist/compiled/next-server/app-route-turbo.runtime.dev.js:5:45978)\n' +
    '    at async responseGenerator (/Users/apple/Project/bulan-bahasa/.next/server/chunks/node_modules_next_777085a4._.js:14770:38)\n' +
    '    at async AppRouteRouteModule.handleResponse (/Users/apple/Project/bulan-bahasa/node_modules/next/dist/compiled/next-server/app-route-turbo.runtime.dev.js:1:187643)\n' +
    '    at async handleResponse (/Users/apple/Project/bulan-bahasa/.next/server/chunks/node_modules_next_777085a4._.js:14832:32)\n' +
    '    at async handler (/Users/apple/Project/bulan-bahasa/.next/server/chunks/node_modules_next_777085a4._.js:14884:13)\n' +
    '    at async DevServer.renderToResponseWithComponentsImpl (/Users/apple/Project/bulan-bahasa/node_modules/next/dist/server/base-server.js:1422:9)\n' +
    '    at async DevServer.renderPageComponent (/Users/apple/Project/bulan-bahasa/node_modules/next/dist/server/base-server.js:1474:24)\n' +
    '    at async DevServer.renderToResponseImpl (/Users/apple/Project/bulan-bahasa/node_modules/next/dist/server/base-server.js:1514:32)\n' +
    '    at async DevServer.pipeImpl (/Users/apple/Project/bulan-bahasa/node_modules/next/dist/server/base-server.js:1025:25)\n' +
    '    at async NextNodeServer.handleCatchallRenderRequest (/Users/apple/Project/bulan-bahasa/node_modules/next/dist/server/next-server.js:393:17)\n' +
    '    at async DevServer.handleRequestImpl (/Users/apple/Project/bulan-bahasa/node_modules/next/dist/server/base-server.js:916:17)\n' +
    '    at async /Users/apple/Project/bulan-bahasa/node_modules/next/dist/server/dev/next-dev-server.js:399:20\n' +
    '    at async Span.traceAsyncFn (/Users/apple/Project/bulan-bahasa/node_modules/next/dist/trace/trace.js:157:20)\n' +
    '    at async DevServer.handleRequest (/Users/apple/Project/bulan-bahasa/node_modules/next/dist/server/dev/next-dev-server.js:395:24)\n' +
    '    at async invokeRender (/Users/apple/Project/bulan-bahasa/node_modules/next/dist/server/lib/router-server.js:240:21)\n' +
    '    at async handleRequest (/Users/apple/Project/bulan-bahasa/node_modules/next/dist/server/lib/router-server.js:437:24)\n' +
    '    at async requestHandlerImpl (/Users/apple/Project/bulan-bahasa/node_modules/next/dist/server/lib/router-server.js:485:13)\n' +
    '    at async Server.requestListener (/Users/apple/Project/bulan-bahasa/node_modules/next/dist/server/lib/start-server.js:226:13)',
  hint: '',
  code: ''
}
 GET /api/admin/content/general?section_key=hero_section 404 in 10541ms
Error fetching content section: {
  message: 'TypeError: fetch failed',
  details: 'TypeError: fetch failed\n' +
    '    at node:internal/deps/undici/undici:15445:13\n' +
    '    at processTicksAndRejections (node:internal/process/task_queues:105:5)\n' +
    '    at runNextTicks (node:internal/process/task_queues:69:3)\n' +
    '    at process.processImmediate (node:internal/timers:473:9)\n' +
    '    at process.callbackTrampoline (node:internal/async_hooks:130:17)\n' +
    '    at async getContentSection (/Users/apple/Project/bulan-bahasa/.next/server/chunks/[root-of-the-server]__150f3ca1._.js:452:33)\n' +
    '    at async GET (/Users/apple/Project/bulan-bahasa/.next/server/chunks/[root-of-the-server]__150f3ca1._.js:987:29)\n' +
    '    at async AppRouteRouteModule.do (/Users/apple/Project/bulan-bahasa/node_modules/next/dist/compiled/next-server/app-route-turbo.runtime.dev.js:5:38696)\n' +
    '    at async AppRouteRouteModule.handle (/Users/apple/Project/bulan-bahasa/node_modules/next/dist/compiled/next-server/app-route-turbo.runtime.dev.js:5:45978)\n' +
    '    at async responseGenerator (/Users/apple/Project/bulan-bahasa/.next/server/chunks/node_modules_next_777085a4._.js:14770:38)\n' +
    '    at async AppRouteRouteModule.handleResponse (/Users/apple/Project/bulan-bahasa/node_modules/next/dist/compiled/next-server/app-route-turbo.runtime.dev.js:1:187643)\n' +
    '    at async handleResponse (/Users/apple/Project/bulan-bahasa/.next/server/chunks/node_modules_next_777085a4._.js:14832:32)\n' +
    '    at async handler (/Users/apple/Project/bulan-bahasa/.next/server/chunks/node_modules_next_777085a4._.js:14884:13)\n' +
    '    at async DevServer.renderToResponseWithComponentsImpl (/Users/apple/Project/bulan-bahasa/node_modules/next/dist/server/base-server.js:1422:9)\n' +
    '    at async DevServer.renderPageComponent (/Users/apple/Project/bulan-bahasa/node_modules/next/dist/server/base-server.js:1474:24)\n' +
    '    at async DevServer.renderToResponseImpl (/Users/apple/Project/bulan-bahasa/node_modules/next/dist/server/base-server.js:1514:32)\n' +
    '    at async DevServer.pipeImpl (/Users/apple/Project/bulan-bahasa/node_modules/next/dist/server/base-server.js:1025:25)\n' +
    '    at async NextNodeServer.handleCatchallRenderRequest (/Users/apple/Project/bulan-bahasa/node_modules/next/dist/server/next-server.js:393:17)\n' +
    '    at async DevServer.handleRequestImpl (/Users/apple/Project/bulan-bahasa/node_modules/next/dist/server/base-server.js:916:17)\n' +
    '    at async /Users/apple/Project/bulan-bahasa/node_modules/next/dist/server/dev/next-dev-server.js:399:20\n' +
    '    at async Span.traceAsyncFn (/Users/apple/Project/bulan-bahasa/node_modules/next/dist/trace/trace.js:157:20)\n' +
    '    at async DevServer.handleRequest (/Users/apple/Project/bulan-bahasa/node_modules/next/dist/server/dev/next-dev-server.js:395:24)\n' +
    '    at async invokeRender (/Users/apple/Project/bulan-bahasa/node_modules/next/dist/server/lib/router-server.js:240:21)\n' +
    '    at async handleRequest (/Users/apple/Project/bulan-bahasa/node_modules/next/dist/server/lib/router-server.js:437:24)\n' +
    '    at async requestHandlerImpl (/Users/apple/Project/bulan-bahasa/node_modules/next/dist/server/lib/router-server.js:485:13)\n' +
    '    at async Server.requestListener (/Users/apple/Project/bulan-bahasa/node_modules/next/dist/server/lib/start-server.js:226:13)',
  hint: '',
  code: ''
}
 GET /api/admin/content/general?section_key=hero_section 404 in 10785ms
Error fetching content section: {
  message: 'TypeError: fetch failed',
  details: 'TypeError: fetch failed\n' +
    '    at node:internal/deps/undici/undici:15445:13\n' +
    '    at process.processTicksAndRejections (node:internal/process/task_queues:105:5)\n' +
    '    at async getContentSection (/Users/apple/Project/bulan-bahasa/.next/server/chunks/[root-of-the-server]__150f3ca1._.js:452:33)\n' +
    '    at async GET (/Users/apple/Project/bulan-bahasa/.next/server/chunks/[root-of-the-server]__150f3ca1._.js:987:29)\n' +
    '    at async AppRouteRouteModule.do (/Users/apple/Project/bulan-bahasa/node_modules/next/dist/compiled/next-server/app-route-turbo.runtime.dev.js:5:38696)\n' +
    '    at async AppRouteRouteModule.handle (/Users/apple/Project/bulan-bahasa/node_modules/next/dist/compiled/next-server/app-route-turbo.runtime.dev.js:5:45978)\n' +
    '    at async responseGenerator (/Users/apple/Project/bulan-bahasa/.next/server/chunks/node_modules_next_777085a4._.js:14770:38)\n' +
    '    at async AppRouteRouteModule.handleResponse (/Users/apple/Project/bulan-bahasa/node_modules/next/dist/compiled/next-server/app-route-turbo.runtime.dev.js:1:187643)\n' +
    '    at async handleResponse (/Users/apple/Project/bulan-bahasa/.next/server/chunks/node_modules_next_777085a4._.js:14832:32)\n' +
    '    at async handler (/Users/apple/Project/bulan-bahasa/.next/server/chunks/node_modules_next_777085a4._.js:14884:13)\n' +
    '    at async DevServer.renderToResponseWithComponentsImpl (/Users/apple/Project/bulan-bahasa/node_modules/next/dist/server/base-server.js:1422:9)\n' +
    '    at async DevServer.renderPageComponent (/Users/apple/Project/bulan-bahasa/node_modules/next/dist/server/base-server.js:1474:24)\n' +
    '    at async DevServer.renderToResponseImpl (/Users/apple/Project/bulan-bahasa/node_modules/next/dist/server/base-server.js:1514:32)\n' +
    '    at async DevServer.pipeImpl (/Users/apple/Project/bulan-bahasa/node_modules/next/dist/server/base-server.js:1025:25)\n' +
    '    at async NextNodeServer.handleCatchallRenderRequest (/Users/apple/Project/bulan-bahasa/node_modules/next/dist/server/next-server.js:393:17)\n' +
    '    at async DevServer.handleRequestImpl (/Users/apple/Project/bulan-bahasa/node_modules/next/dist/server/base-server.js:916:17)\n' +
    '    at async /Users/apple/Project/bulan-bahasa/node_modules/next/dist/server/dev/next-dev-server.js:399:20\n' +
    '    at async Span.traceAsyncFn (/Users/apple/Project/bulan-bahasa/node_modules/next/dist/trace/trace.js:157:20)\n' +
    '    at async DevServer.handleRequest (/Users/apple/Project/bulan-bahasa/node_modules/next/dist/server/dev/next-dev-server.js:395:24)\n' +
    '    at async invokeRender (/Users/apple/Project/bulan-bahasa/node_modules/next/dist/server/lib/router-server.js:240:21)\n' +
    '    at async handleRequest (/Users/apple/Project/bulan-bahasa/node_modules/next/dist/server/lib/router-server.js:437:24)\n' +
    '    at async requestHandlerImpl (/Users/apple/Project/bulan-bahasa/node_modules/next/dist/server/lib/router-server.js:485:13)\n' +
    '    at async Server.requestListener (/Users/apple/Project/bulan-bahasa/node_modules/next/dist/server/lib/start-server.js:226:13)',
  hint: '',
  code: ''
}
 GET /api/admin/content/general?section_key=site_info 404 in 10793ms
Error: 
    at async getCurrentUser (src/lib/user.ts:4:10)
    at async checkAdminRole (src/lib/admin-server.ts:6:16)
    at async GET (src/app/api/admin/content/contact/route.ts:13:21)
  2 |
  3 | export async function getCurrentUser() {
> 4 |   return await currentUser();
    |          ^
  5 | }
  6 | {
  toString: [Function (anonymous)],
  status: undefined,
  clerkTraceId: '',
  retryAfter: undefined,
  clerkError: true,
  errors: [Array]
}
 GET /api/admin/content/contact 500 in 10535ms
Error fetching content section: {
  message: 'TypeError: fetch failed',
  details: 'TypeError: fetch failed\n' +
    '    at node:internal/deps/undici/undici:15445:13\n' +
    '    at process.processTicksAndRejections (node:internal/process/task_queues:105:5)\n' +
    '    at async getContentSection (/Users/apple/Project/bulan-bahasa/.next/server/chunks/[root-of-the-server]__150f3ca1._.js:452:33)\n' +
    '    at async GET (/Users/apple/Project/bulan-bahasa/.next/server/chunks/[root-of-the-server]__150f3ca1._.js:987:29)\n' +
    '    at async AppRouteRouteModule.do (/Users/apple/Project/bulan-bahasa/node_modules/next/dist/compiled/next-server/app-route-turbo.runtime.dev.js:5:38696)\n' +
    '    at async AppRouteRouteModule.handle (/Users/apple/Project/bulan-bahasa/node_modules/next/dist/compiled/next-server/app-route-turbo.runtime.dev.js:5:45978)\n' +
    '    at async responseGenerator (/Users/apple/Project/bulan-bahasa/.next/server/chunks/node_modules_next_777085a4._.js:14770:38)\n' +
    '    at async AppRouteRouteModule.handleResponse (/Users/apple/Project/bulan-bahasa/node_modules/next/dist/compiled/next-server/app-route-turbo.runtime.dev.js:1:187643)\n' +
    '    at async handleResponse (/Users/apple/Project/bulan-bahasa/.next/server/chunks/node_modules_next_777085a4._.js:14832:32)\n' +
    '    at async handler (/Users/apple/Project/bulan-bahasa/.next/server/chunks/node_modules_next_777085a4._.js:14884:13)\n' +
    '    at async DevServer.renderToResponseWithComponentsImpl (/Users/apple/Project/bulan-bahasa/node_modules/next/dist/server/base-server.js:1422:9)\n' +
    '    at async DevServer.renderPageComponent (/Users/apple/Project/bulan-bahasa/node_modules/next/dist/server/base-server.js:1474:24)\n' +
    '    at async DevServer.renderToResponseImpl (/Users/apple/Project/bulan-bahasa/node_modules/next/dist/server/base-server.js:1514:32)\n' +
    '    at async DevServer.pipeImpl (/Users/apple/Project/bulan-bahasa/node_modules/next/dist/server/base-server.js:1025:25)\n' +
    '    at async NextNodeServer.handleCatchallRenderRequest (/Users/apple/Project/bulan-bahasa/node_modules/next/dist/server/next-server.js:393:17)\n' +
    '    at async DevServer.handleRequestImpl (/Users/apple/Project/bulan-bahasa/node_modules/next/dist/server/base-server.js:916:17)\n' +
    '    at async /Users/apple/Project/bulan-bahasa/node_modules/next/dist/server/dev/next-dev-server.js:399:20\n' +
    '    at async Span.traceAsyncFn (/Users/apple/Project/bulan-bahasa/node_modules/next/dist/trace/trace.js:157:20)\n' +
    '    at async DevServer.handleRequest (/Users/apple/Project/bulan-bahasa/node_modules/next/dist/server/dev/next-dev-server.js:395:24)\n' +
    '    at async invokeRender (/Users/apple/Project/bulan-bahasa/node_modules/next/dist/server/lib/router-server.js:240:21)\n' +
    '    at async handleRequest (/Users/apple/Project/bulan-bahasa/node_modules/next/dist/server/lib/router-server.js:437:24)\n' +
    '    at async requestHandlerImpl (/Users/apple/Project/bulan-bahasa/node_modules/next/dist/server/lib/router-server.js:485:13)\n' +
    '    at async Server.requestListener (/Users/apple/Project/bulan-bahasa/node_modules/next/dist/server/lib/start-server.js:226:13)',
  hint: '',
  code: ''
}
 GET /api/admin/content/general?section_key=site_info 404 in 10468ms
Error fetching content section: {
  message: 'TypeError: fetch failed',
  details: 'TypeError: fetch failed\n' +
    '    at node:internal/deps/undici/undici:15445:13\n' +
    '    at process.processTicksAndRejections (node:internal/process/task_queues:105:5)\n' +
    '    at async getContentSection (/Users/apple/Project/bulan-bahasa/.next/server/chunks/[root-of-the-server]__150f3ca1._.js:452:33)\n' +
    '    at async GET (/Users/apple/Project/bulan-bahasa/.next/server/chunks/[root-of-the-server]__150f3ca1._.js:987:29)\n' +
    '    at async AppRouteRouteModule.do (/Users/apple/Project/bulan-bahasa/node_modules/next/dist/compiled/next-server/app-route-turbo.runtime.dev.js:5:38696)\n' +
    '    at async AppRouteRouteModule.handle (/Users/apple/Project/bulan-bahasa/node_modules/next/dist/compiled/next-server/app-route-turbo.runtime.dev.js:5:45978)\n' +
    '    at async responseGenerator (/Users/apple/Project/bulan-bahasa/.next/server/chunks/node_modules_next_777085a4._.js:14770:38)\n' +
    '    at async AppRouteRouteModule.handleResponse (/Users/apple/Project/bulan-bahasa/node_modules/next/dist/compiled/next-server/app-route-turbo.runtime.dev.js:1:187643)\n' +
    '    at async handleResponse (/Users/apple/Project/bulan-bahasa/.next/server/chunks/node_modules_next_777085a4._.js:14832:32)\n' +
    '    at async handler (/Users/apple/Project/bulan-bahasa/.next/server/chunks/node_modules_next_777085a4._.js:14884:13)\n' +
    '    at async DevServer.renderToResponseWithComponentsImpl (/Users/apple/Project/bulan-bahasa/node_modules/next/dist/server/base-server.js:1422:9)\n' +
    '    at async DevServer.renderPageComponent (/Users/apple/Project/bulan-bahasa/node_modules/next/dist/server/base-server.js:1474:24)\n' +
    '    at async DevServer.renderToResponseImpl (/Users/apple/Project/bulan-bahasa/node_modules/next/dist/server/base-server.js:1514:32)\n' +
    '    at async DevServer.pipeImpl (/Users/apple/Project/bulan-bahasa/node_modules/next/dist/server/base-server.js:1025:25)\n' +
    '    at async NextNodeServer.handleCatchallRenderRequest (/Users/apple/Project/bulan-bahasa/node_modules/next/dist/server/next-server.js:393:17)\n' +
    '    at async DevServer.handleRequestImpl (/Users/apple/Project/bulan-bahasa/node_modules/next/dist/server/base-server.js:916:17)\n' +
    '    at async /Users/apple/Project/bulan-bahasa/node_modules/next/dist/server/dev/next-dev-server.js:399:20\n' +
    '    at async Span.traceAsyncFn (/Users/apple/Project/bulan-bahasa/node_modules/next/dist/trace/trace.js:157:20)\n' +
    '    at async DevServer.handleRequest (/Users/apple/Project/bulan-bahasa/node_modules/next/dist/server/dev/next-dev-server.js:395:24)\n' +
    '    at async invokeRender (/Users/apple/Project/bulan-bahasa/node_modules/next/dist/server/lib/router-server.js:240:21)\n' +
    '    at async handleRequest (/Users/apple/Project/bulan-bahasa/node_modules/next/dist/server/lib/router-server.js:437:24)\n' +
    '    at async requestHandlerImpl (/Users/apple/Project/bulan-bahasa/node_modules/next/dist/server/lib/router-server.js:485:13)\n' +
    '    at async Server.requestListener (/Users/apple/Project/bulan-bahasa/node_modules/next/dist/server/lib/start-server.js:226:13)',
  hint: '',
  code: ''
}
 GET /api/admin/content/general?section_key=hero_section 404 in 10433ms
 GET /api/admin/content/general?section_key=site_info 200 in 4970ms
Error: 
    at async getCurrentUser (src/lib/user.ts:4:10)
    at async checkAdminRole (src/lib/admin-server.ts:6:16)
    at async GET (src/app/api/admin/content/contact/route.ts:13:21)
  2 |
  3 | export async function getCurrentUser() {
> 4 |   return await currentUser();
    |          ^
  5 | }
  6 | {
  toString: [Function (anonymous)],
  status: undefined,
  clerkTraceId: '',
  retryAfter: undefined,
  clerkError: true,
  errors: [Array]
}
 GET /api/admin/content/contact 500 in 10918ms
📦 Using dev cache for contact info
 GET /api/admin/content/contact 200 in 944ms
📦 Using dev cache for contact info
 GET /api/admin/content/contact 200 in 556ms
Error fetching content section: {
  message: 'TypeError: fetch failed',
  details: 'TypeError: fetch failed\n' +
    '    at node:internal/deps/undici/undici:15445:13\n' +
    '    at process.processTicksAndRejections (node:internal/process/task_queues:105:5)\n' +
    '    at async getContentSection (/Users/apple/Project/bulan-bahasa/.next/server/chunks/[root-of-the-server]__150f3ca1._.js:452:33)\n' +
    '    at async GET (/Users/apple/Project/bulan-bahasa/.next/server/chunks/[root-of-the-server]__150f3ca1._.js:987:29)\n' +
    '    at async AppRouteRouteModule.do (/Users/apple/Project/bulan-bahasa/node_modules/next/dist/compiled/next-server/app-route-turbo.runtime.dev.js:5:38696)\n' +
    '    at async AppRouteRouteModule.handle (/Users/apple/Project/bulan-bahasa/node_modules/next/dist/compiled/next-server/app-route-turbo.runtime.dev.js:5:45978)\n' +
    '    at async responseGenerator (/Users/apple/Project/bulan-bahasa/.next/server/chunks/node_modules_next_777085a4._.js:14770:38)\n' +
    '    at async AppRouteRouteModule.handleResponse (/Users/apple/Project/bulan-bahasa/node_modules/next/dist/compiled/next-server/app-route-turbo.runtime.dev.js:1:187643)\n' +
    '    at async handleResponse (/Users/apple/Project/bulan-bahasa/.next/server/chunks/node_modules_next_777085a4._.js:14832:32)\n' +
    '    at async handler (/Users/apple/Project/bulan-bahasa/.next/server/chunks/node_modules_next_777085a4._.js:14884:13)\n' +
    '    at async DevServer.renderToResponseWithComponentsImpl (/Users/apple/Project/bulan-bahasa/node_modules/next/dist/server/base-server.js:1422:9)\n' +
    '    at async DevServer.renderPageComponent (/Users/apple/Project/bulan-bahasa/node_modules/next/dist/server/base-server.js:1474:24)\n' +
    '    at async DevServer.renderToResponseImpl (/Users/apple/Project/bulan-bahasa/node_modules/next/dist/server/base-server.js:1514:32)\n' +
    '    at async DevServer.pipeImpl (/Users/apple/Project/bulan-bahasa/node_modules/next/dist/server/base-server.js:1025:25)\n' +
    '    at async NextNodeServer.handleCatchallRenderRequest (/Users/apple/Project/bulan-bahasa/node_modules/next/dist/server/next-server.js:393:17)\n' +
    '    at async DevServer.handleRequestImpl (/Users/apple/Project/bulan-bahasa/node_modules/next/dist/server/base-server.js:916:17)\n' +
    '    at async /Users/apple/Project/bulan-bahasa/node_modules/next/dist/server/dev/next-dev-server.js:399:20\n' +
    '    at async Span.traceAsyncFn (/Users/apple/Project/bulan-bahasa/node_modules/next/dist/trace/trace.js:157:20)\n' +
    '    at async DevServer.handleRequest (/Users/apple/Project/bulan-bahasa/node_modules/next/dist/server/dev/next-dev-server.js:395:24)\n' +
    '    at async invokeRender (/Users/apple/Project/bulan-bahasa/node_modules/next/dist/server/lib/router-server.js:240:21)\n' +
    '    at async handleRequest (/Users/apple/Project/bulan-bahasa/node_modules/next/dist/server/lib/router-server.js:437:24)\n' +
    '    at async requestHandlerImpl (/Users/apple/Project/bulan-bahasa/node_modules/next/dist/server/lib/router-server.js:485:13)\n' +
    '    at async Server.requestListener (/Users/apple/Project/bulan-bahasa/node_modules/next/dist/server/lib/start-server.js:226:13)',
  hint: '',
  code: ''
}
 GET /api/admin/content/general?section_key=hero_section 404 in 10425ms
 GET /api/admin/content/general?section_key=site_info 200 in 531ms
 GET /api/admin/content/general?section_key=hero_section 200 in 541ms
 GET /api/admin/content/general?section_key=hero_section 200 in 405ms
 GET /api/admin/content/general?section_key=site_info 200 in 428ms
 GET /api/admin/content/general?section_key=site_info 200 in 389ms
 GET /api/admin/content/social-media 200 in 885ms
 GET /api/admin/content/social-media 200 in 698ms
📦 Using dev cache for contact info
 GET /api/admin/content/contact 200 in 872ms
📦 Using dev cache for contact info
 GET /api/admin/content/contact 200 in 596ms
 GET /admin 200 in 1156ms
 GET /favicon.ico?favicon.0b3bf435.ico 200 in 851ms
 GET /api/content/general?section_key=site_info 200 in 1304ms
📦 Cached contact info in development (active fetch)
 GET /api/content/contact 200 in 1428ms
 GET /api/admin/submissions 200 in 1440ms
 GET /api/content/social-media 200 in 510ms
 GET /api/admin/content/general?section_key=hero_section 200 in 385ms
 GET /api/admin/content/general?section_key=hero_section 200 in 460ms
 GET /api/admin/content/general?section_key=site_info 200 in 491ms
 GET /api/admin/content/general?section_key=site_info 200 in 447ms
 ✓ Compiled /_not-found/page in 69ms
 GET /pupuh-virtual/register 404 in 191ms
 GET /pupuh-virtual/register 404 in 135ms
 GET /pupuh-virtual/register 404 in 154ms
 GET /pupuh-virtual/register 404 in 170ms
 GET /pupuh-virtual/register 404 in 166ms
 GET /pupuh-virtual/register 404 in 123ms
 GET /pupuh-virtual/register 404 in 159ms
 GET /pupuh-virtual/register 404 in 1380ms
📦 Using dev cache for active contact info
 GET /api/content/contact 200 in 318ms
 GET /api/content/general?section_key=site_info 200 in 597ms
Error: 
    at async getCurrentUser (src/lib/user.ts:4:10)
    at async checkAdminRole (src/lib/admin-server.ts:6:16)
    at async GET (src/app/api/admin/content/contact/route.ts:13:21)
  2 |
  3 | export async function getCurrentUser() {
> 4 |   return await currentUser();
    |          ^
  5 | }
  6 | {
  toString: [Function (anonymous)],
  status: undefined,
  clerkTraceId: '',
  retryAfter: undefined,
  clerkError: true,
  errors: [Array]
}
 GET /api/admin/content/contact 500 in 4287ms
Error: 
    at async getCurrentUser (src/lib/user.ts:4:10)
    at async checkAdminRole (src/lib/admin-server.ts:6:16)
    at async GET (src/app/api/admin/content/contact/route.ts:13:21)
  2 |
  3 | export async function getCurrentUser() {
> 4 |   return await currentUser();
    |          ^
  5 | }
  6 | {
  toString: [Function (anonymous)],
  status: undefined,
  clerkTraceId: '',
  retryAfter: undefined,
  clerkError: true,
  errors: [Array]
}
 GET /api/admin/content/contact 500 in 10699ms
 GET /api/content/social-media 200 in 13059ms
Error: 
    at async getCurrentUser (src/lib/user.ts:4:10)
    at async checkAdminRole (src/lib/admin-server.ts:6:16)
    at async GET (src/app/api/admin/content/social-media/route.ts:13:21)
  2 |
  3 | export async function getCurrentUser() {
> 4 |   return await currentUser();
    |          ^
  5 | }
  6 | {
  toString: [Function (anonymous)],
  status: undefined,
  clerkTraceId: '',
  retryAfter: undefined,
  clerkError: true,
  errors: [Array]
}
 GET /api/admin/content/social-media 500 in 10654ms
Error: 
    at async getCurrentUser (src/lib/user.ts:4:10)
    at async checkAdminRole (src/lib/admin-server.ts:6:16)
    at async GET (src/app/api/admin/content/contact/route.ts:13:21)
  2 |
  3 | export async function getCurrentUser() {
> 4 |   return await currentUser();
    |          ^
  5 | }
  6 | {
  toString: [Function (anonymous)],
  status: undefined,
  clerkTraceId: '',
  retryAfter: undefined,
  clerkError: true,
  errors: [Array]
}
 GET /api/admin/content/contact 500 in 10518ms
Error: 
    at async getCurrentUser (src/lib/user.ts:4:10)
    at async checkAdminRole (src/lib/admin-server.ts:6:16)
    at async GET (src/app/api/admin/content/contact/route.ts:13:21)
  2 |
  3 | export async function getCurrentUser() {
> 4 |   return await currentUser();
    |          ^
  5 | }
  6 | {
  toString: [Function (anonymous)],
  status: undefined,
  clerkTraceId: '',
  retryAfter: undefined,
  clerkError: true,
  errors: [Array]
}
 GET /api/admin/content/contact 500 in 10428ms
Error fetching all social media: {
  message: 'TypeError: fetch failed',
  details: 'TypeError: fetch failed\n' +
    '    at node:internal/deps/undici/undici:15445:13\n' +
    '    at async getAllSocialMedia (/Users/apple/Project/bulan-bahasa/.next/server/chunks/[root-of-the-server]__3069de71._.js:757:29)\n' +
    '    at async GET (/Users/apple/Project/bulan-bahasa/.next/server/chunks/[root-of-the-server]__65bbd0f0._.js:982:29)\n' +
    '    at async AppRouteRouteModule.do (/Users/apple/Project/bulan-bahasa/node_modules/next/dist/compiled/next-server/app-route-turbo.runtime.dev.js:5:38696)\n' +
    '    at async AppRouteRouteModule.handle (/Users/apple/Project/bulan-bahasa/node_modules/next/dist/compiled/next-server/app-route-turbo.runtime.dev.js:5:45978)\n' +
    '    at async responseGenerator (/Users/apple/Project/bulan-bahasa/.next/server/chunks/node_modules_next_7fe1f047._.js:14770:38)\n' +
    '    at async AppRouteRouteModule.handleResponse (/Users/apple/Project/bulan-bahasa/node_modules/next/dist/compiled/next-server/app-route-turbo.runtime.dev.js:1:187643)\n' +
    '    at async handleResponse (/Users/apple/Project/bulan-bahasa/.next/server/chunks/node_modules_next_7fe1f047._.js:14832:32)\n' +
    '    at async handler (/Users/apple/Project/bulan-bahasa/.next/server/chunks/node_modules_next_7fe1f047._.js:14884:13)\n' +
    '    at async DevServer.renderToResponseWithComponentsImpl (/Users/apple/Project/bulan-bahasa/node_modules/next/dist/server/base-server.js:1422:9)\n' +
    '    at async DevServer.renderPageComponent (/Users/apple/Project/bulan-bahasa/node_modules/next/dist/server/base-server.js:1474:24)\n' +
    '    at async DevServer.renderToResponseImpl (/Users/apple/Project/bulan-bahasa/node_modules/next/dist/server/base-server.js:1514:32)\n' +
    '    at async DevServer.pipeImpl (/Users/apple/Project/bulan-bahasa/node_modules/next/dist/server/base-server.js:1025:25)\n' +
    '    at async NextNodeServer.handleCatchallRenderRequest (/Users/apple/Project/bulan-bahasa/node_modules/next/dist/server/next-server.js:393:17)\n' +
    '    at async DevServer.handleRequestImpl (/Users/apple/Project/bulan-bahasa/node_modules/next/dist/server/base-server.js:916:17)\n' +
    '    at async /Users/apple/Project/bulan-bahasa/node_modules/next/dist/server/dev/next-dev-server.js:399:20\n' +
    '    at async Span.traceAsyncFn (/Users/apple/Project/bulan-bahasa/node_modules/next/dist/trace/trace.js:157:20)\n' +
    '    at async DevServer.handleRequest (/Users/apple/Project/bulan-bahasa/node_modules/next/dist/server/dev/next-dev-server.js:395:24)\n' +
    '    at async invokeRender (/Users/apple/Project/bulan-bahasa/node_modules/next/dist/server/lib/router-server.js:240:21)\n' +
    '    at async handleRequest (/Users/apple/Project/bulan-bahasa/node_modules/next/dist/server/lib/router-server.js:437:24)\n' +
    '    at async requestHandlerImpl (/Users/apple/Project/bulan-bahasa/node_modules/next/dist/server/lib/router-server.js:485:13)\n' +
    '    at async Server.requestListener (/Users/apple/Project/bulan-bahasa/node_modules/next/dist/server/lib/start-server.js:226:13)',
  hint: '',
  code: ''
}
 GET /api/admin/content/social-media 200 in 28327ms
 GET /api/admin/content/contact 401 in 315ms
 GET /api/admin/content/social-media 401 in 297ms
 GET /api/admin/content/faq 401 in 309ms
 ✓ Compiled /api/admin/content/navigation in 212ms
 GET /api/admin/content/navigation 401 in 495ms
 GET /api/admin/content/general 200 in 1339ms
📦 Cached contact info in development
 GET /api/admin/content/contact 200 in 1333ms
 GET /api/admin/content/social-media 200 in 547ms
 GET /api/admin/content/faq 200 in 530ms
 GET /api/admin/content/navigation 200 in 485ms
 GET /api/admin/content/general 200 in 466ms
📦 Using dev cache for contact info
 GET /api/admin/content/contact 200 in 304ms
 GET /api/admin/content/social-media 200 in 560ms
 GET /api/admin/content/faq 200 in 395ms
 GET /api/admin/content/navigation 200 in 394ms
 GET /admin 200 in 1132ms
 GET /favicon.ico?favicon.0b3bf435.ico 200 in 691ms
📦 Using dev cache for active contact info
 GET /api/content/contact 200 in 682ms
 GET /api/content/general?section_key=site_info 200 in 720ms
 GET /api/admin/submissions 200 in 1152ms
 GET /api/content/social-media 200 in 465ms
 GET /api/admin/content/general?section_key=hero_section 200 in 439ms
 GET /api/admin/content/general?section_key=hero_section 200 in 390ms
 GET /api/admin/content/general?section_key=site_info 200 in 468ms
 GET /api/admin/content/general?section_key=site_info 200 in 357ms
📦 Using dev cache for contact info
 GET /api/admin/content/contact 200 in 317ms
📦 Using dev cache for contact info
 GET /api/admin/content/contact 200 in 433ms
🔓 DEV BYPASS: Using development cache for contact info update {
  id: '7626161d-a0f0-431b-9e07-f4e31ce4843d',
  updates: {
    type: 'phone',
    label: 'Phone & WhatsApp',
    value: '+6281 123 6 223',
    is_active: true,
    sort_order: 1
  }
}
✅ Development cache updated successfully: {
  id: '7626161d-a0f0-431b-9e07-f4e31ce4843d',
  type: 'phone',
  label: 'Phone & WhatsApp',
  value: '+6281 123 6 223',
  is_active: true,
  sort_order: 1,
  created_at: '2025-10-21T04:03:29.886045+00:00',
  updated_at: '2025-10-21T11:08:22.701Z'
}
✅ Both cache and database updated successfully
 PUT /api/admin/content/contact 200 in 483ms
📦 Using dev cache for contact info
 GET /api/admin/content/contact 200 in 299ms
🔓 DEV BYPASS: Using development cache for contact info update {
  id: '29f4f900-cf50-4e8a-889c-e361a9cd716a',
  updates: {
    type: 'email',
    label: 'General Email',
    value: 'mtsn1pnd@gmail.com',
    is_active: true,
    sort_order: 2
  }
}
✅ Development cache updated successfully: {
  id: '29f4f900-cf50-4e8a-889c-e361a9cd716a',
  type: 'email',
  label: 'General Email',
  value: 'mtsn1pnd@gmail.com',
  is_active: true,
  sort_order: 2,
  created_at: '2025-10-21T04:03:29.886045+00:00',
  updated_at: '2025-10-21T11:08:43.421Z'
}
✅ Both cache and database updated successfully
 PUT /api/admin/content/contact 200 in 416ms
📦 Using dev cache for contact info
 GET /api/admin/content/contact 200 in 290ms
🔓 DEV BYPASS: Using development cache for contact info update {
  id: '50714b56-ea4c-44f9-a7f0-2b99d942964d',
  updates: {
    type: 'address',
    label: 'Office Location',
    value: 'Campus 1 - Jl. Merdeka No.113, Pananjung, Kab. Pangandaran, Jawa Barat 46396',
    is_active: true,
    sort_order: 3
  }
}
✅ Development cache updated successfully: {
  id: '50714b56-ea4c-44f9-a7f0-2b99d942964d',
  type: 'address',
  label: 'Office Location',
  value: 'Campus 1 - Jl. Merdeka No.113, Pananjung, Kab. Pangandaran, Jawa Barat 46396',
  is_active: true,
  sort_order: 3,
  created_at: '2025-10-21T04:03:29.886045+00:00',
  updated_at: '2025-10-21T11:09:08.774Z'
}
✅ Both cache and database updated successfully
 PUT /api/admin/content/contact 200 in 463ms
📦 Using dev cache for contact info
 GET /api/admin/content/contact 200 in 277ms
 GET /api/admin/content/social-media 200 in 364ms
 GET /api/admin/content/social-media 200 in 344ms
 PUT /api/admin/content/social-media 200 in 682ms
 GET /api/admin/content/social-media 200 in 362ms
 GET /api/admin/content/faq 200 in 368ms
 GET /api/admin/content/faq 200 in 396ms
 GET /api/admin/content/navigation 200 in 359ms
 GET /api/admin/content/navigation 200 in 357ms
 PUT /api/admin/content/navigation 200 in 431ms
 GET /api/admin/content/navigation 200 in 410ms
 GET /api/admin/content/general?section_key=hero_section 200 in 424ms
 GET /api/admin/content/general?section_key=hero_section 200 in 857ms
Error fetching content section: {
  message: 'TypeError: fetch failed',
  details: 'TypeError: fetch failed\n' +
    '    at node:internal/deps/undici/undici:15445:13\n' +
    '    at process.processTicksAndRejections (node:internal/process/task_queues:105:5)\n' +
    '    at async getContentSection (/Users/apple/Project/bulan-bahasa/.next/server/chunks/[root-of-the-server]__150f3ca1._.js:452:33)\n' +
    '    at async GET (/Users/apple/Project/bulan-bahasa/.next/server/chunks/[root-of-the-server]__150f3ca1._.js:987:29)\n' +
    '    at async AppRouteRouteModule.do (/Users/apple/Project/bulan-bahasa/node_modules/next/dist/compiled/next-server/app-route-turbo.runtime.dev.js:5:38696)\n' +
    '    at async AppRouteRouteModule.handle (/Users/apple/Project/bulan-bahasa/node_modules/next/dist/compiled/next-server/app-route-turbo.runtime.dev.js:5:45978)\n' +
    '    at async responseGenerator (/Users/apple/Project/bulan-bahasa/.next/server/chunks/node_modules_next_777085a4._.js:14770:38)\n' +
    '    at async AppRouteRouteModule.handleResponse (/Users/apple/Project/bulan-bahasa/node_modules/next/dist/compiled/next-server/app-route-turbo.runtime.dev.js:1:187643)\n' +
    '    at async handleResponse (/Users/apple/Project/bulan-bahasa/.next/server/chunks/node_modules_next_777085a4._.js:14832:32)\n' +
    '    at async handler (/Users/apple/Project/bulan-bahasa/.next/server/chunks/node_modules_next_777085a4._.js:14884:13)\n' +
    '    at async DevServer.renderToResponseWithComponentsImpl (/Users/apple/Project/bulan-bahasa/node_modules/next/dist/server/base-server.js:1422:9)\n' +
    '    at async DevServer.renderPageComponent (/Users/apple/Project/bulan-bahasa/node_modules/next/dist/server/base-server.js:1474:24)\n' +
    '    at async DevServer.renderToResponseImpl (/Users/apple/Project/bulan-bahasa/node_modules/next/dist/server/base-server.js:1514:32)\n' +
    '    at async DevServer.pipeImpl (/Users/apple/Project/bulan-bahasa/node_modules/next/dist/server/base-server.js:1025:25)\n' +
    '    at async NextNodeServer.handleCatchallRenderRequest (/Users/apple/Project/bulan-bahasa/node_modules/next/dist/server/next-server.js:393:17)\n' +
    '    at async DevServer.handleRequestImpl (/Users/apple/Project/bulan-bahasa/node_modules/next/dist/server/base-server.js:916:17)\n' +
    '    at async /Users/apple/Project/bulan-bahasa/node_modules/next/dist/server/dev/next-dev-server.js:399:20\n' +
    '    at async Span.traceAsyncFn (/Users/apple/Project/bulan-bahasa/node_modules/next/dist/trace/trace.js:157:20)\n' +
    '    at async DevServer.handleRequest (/Users/apple/Project/bulan-bahasa/node_modules/next/dist/server/dev/next-dev-server.js:395:24)\n' +
    '    at async invokeRender (/Users/apple/Project/bulan-bahasa/node_modules/next/dist/server/lib/router-server.js:240:21)\n' +
    '    at async handleRequest (/Users/apple/Project/bulan-bahasa/node_modules/next/dist/server/lib/router-server.js:437:24)\n' +
    '    at async requestHandlerImpl (/Users/apple/Project/bulan-bahasa/node_modules/next/dist/server/lib/router-server.js:485:13)\n' +
    '    at async Server.requestListener (/Users/apple/Project/bulan-bahasa/node_modules/next/dist/server/lib/start-server.js:226:13)',
  hint: '',
  code: ''
}
 GET /api/admin/content/general?section_key=site_info 404 in 10342ms
 GET /api/admin/content/general?section_key=site_info 200 in 7046ms
🔓 DEV BYPASS: Using development cache for content section update { sectionKey: 'site_info', title: 'Site Information' }
✅ Development cache updated successfully: {
  id: 'dev-site_info-1761045030352',
  section_key: 'site_info',
  title: 'Site Information',
  content: {
    event_name: 'HUT KE-13 Kab. Pangandaran',
    site_title: 'MTsN 1 Pangandaran',
    description: 'Annual competition showcasing student creativity and talent'
  },
  updated_by: 'dev-user',
  updated_at: '2025-10-21T11:10:30.352Z',
  created_at: '2025-10-21T11:10:30.352Z'
}
⚠️ Database update blocked by RLS, but cache works: invalid input syntax for type uuid: "dev-site_info-1761045030352"
 POST /api/admin/content/general 200 in 18125ms
📦 Using dev cache for active contact info
 GET /api/content/contact 200 in 478ms
 GET / 200 in 3148ms
 GET /favicon.ico?favicon.0b3bf435.ico 200 in 372ms
Table not found or database error, using fallback data: Could not find the table 'public.testimonials' in the schema cache
 GET /api/testimonials 200 in 3251ms
 GET /api/content/social-media 200 in 4272ms
 GET /api/content/general?section_key=site_info 200 in 5022ms
 GET /api/content/general?section_key=hero_section 200 in 6095ms
Table not found or database error, using fallback data: TypeError: fetch failed
 GET /api/gallery?category=all 200 in 7010ms
🔓 DEV BYPASS: Using development cache for content section update { sectionKey: 'site_info', title: 'Site Information' }
✅ Development cache updated successfully: {
  id: 'dev-site_info-1761045070016',
  section_key: 'site_info',
  title: 'Site Information',
  content: {
    event_name: 'HUT KE-13 Kab. Pangandaran',
    site_title: 'MTsN 1 Pangandaran',
    description: 'Annual competition showcasing student creativity and talent'
  },
  updated_by: 'dev-user',
  updated_at: '2025-10-21T11:11:10.016Z',
  created_at: '2025-10-21T11:11:10.016Z'
}
⚠️ Database update blocked by RLS, but cache works: invalid input syntax for type uuid: "dev-site_info-1761045070016"
 POST /api/admin/content/general 200 in 445ms
 GET /api/admin/content/general?section_key=hero_section 200 in 1619ms
📦 Using dev cache for content section: site_info
 GET /api/admin/content/general?section_key=site_info 200 in 295ms
 GET /api/content/general?section_key=hero_section 200 in 1432ms
📦 Using dev cache for active contact info
 GET /api/content/contact 200 in 333ms
 GET /api/content/social-media 200 in 472ms
 GET /api/content/general?section_key=hero_section 200 in 533ms
 GET /api/admin/content/general?section_key=hero_section 200 in 469ms
📦 Using dev cache for active contact info
 GET /api/content/contact 200 in 291ms
📦 Using dev cache for contact info
 GET /api/admin/content/contact 200 in 297ms
 GET /admin 200 in 781ms
 GET /favicon.ico?favicon.0b3bf435.ico 200 in 794ms
📦 Using dev cache for active contact info
 GET /api/content/contact 200 in 662ms
 GET /api/content/general?section_key=site_info 200 in 722ms
 GET /api/admin/submissions 200 in 1138ms
 GET /api/content/social-media 200 in 495ms
 GET /api/admin/content/general?section_key=hero_section 200 in 359ms
📦 Using dev cache for content section: site_info
 GET /api/admin/content/general?section_key=site_info 200 in 311ms
 GET /api/admin/content/general?section_key=hero_section 200 in 405ms
📦 Using dev cache for content section: site_info
 GET /api/admin/content/general?section_key=site_info 200 in 280ms
🔓 DEV BYPASS: Using development cache for content section update { sectionKey: 'hero_section', title: 'Hero Section' }
✅ Development cache updated successfully: {
  id: 'dev-hero_section-1761048227093',
  section_key: 'hero_section',
  title: 'Hero Section',
  content: {
    cta_link: '/register',
    cta_text: 'REGISTER YOUR TEAM NOW!',
    headline: "LET'S BUILD YOUR CREATIVITY!A",
    subheadline: "SHOWCASE YOUR CLASS'S BEST WORK!",
    guidelines_link: '/guidelines',
    guidelines_text: 'SEE FULL GUIDELINES'
  },
  updated_by: 'dev-user',
  updated_at: '2025-10-21T12:03:47.093Z',
  created_at: '2025-10-21T12:03:47.093Z'
}
⚠️ Database update blocked by RLS, but cache works: invalid input syntax for type uuid: "dev-hero_section-1761048227093"
 POST /api/admin/content/general 200 in 389ms
 GET / 200 in 418ms
 GET /favicon.ico?favicon.0b3bf435.ico 200 in 547ms
📦 Using dev cache for active contact info
 GET /api/content/contact 200 in 631ms
 GET /api/content/general?section_key=site_info 200 in 698ms
 GET /api/content/general?section_key=hero_section 200 in 808ms
Table not found or database error, using fallback data: Could not find the table 'public.testimonials' in the schema cache
 GET /api/testimonials 200 in 817ms
Table not found or database error, using fallback data: Could not find the table 'public.gallery_items' in the schema cache
 GET /api/gallery?category=all 200 in 821ms
 GET /api/content/social-media 200 in 370ms
🔓 DEV BYPASS: Using development cache for content section update { sectionKey: 'site_info', title: 'Site Information' }
✅ Development cache updated successfully: {
  id: 'dev-site_info-1761048260507',
  section_key: 'site_info',
  title: 'Site Information',
  content: {
    event_name: 'HUT KE-13 Kab. Pangandaran',
    site_title: 'MTsN 1 Pangandaran',
    description: 'Annual competition showcasing student creativity and talent'
  },
  updated_by: 'dev-user',
  updated_at: '2025-10-21T12:04:20.507Z',
  created_at: '2025-10-21T12:04:20.507Z'
}
⚠️ Database update blocked by RLS, but cache works: invalid input syntax for type uuid: "dev-site_info-1761048260507"
 POST /api/admin/content/general 200 in 493ms
🔓 DEV BYPASS: Using development cache for content section update { sectionKey: 'site_info', title: 'Site Information' }
✅ Development cache updated successfully: {
  id: 'dev-site_info-1761048261921',
  section_key: 'site_info',
  title: 'Site Information',
  content: {
    event_name: 'HUT KE-13 Kab. Pangandaran',
    site_title: 'MTsN 1 Pangandaran',
    description: 'Annual competition showcasing student creativity and talent'
  },
  updated_by: 'dev-user',
  updated_at: '2025-10-21T12:04:21.921Z',
  created_at: '2025-10-21T12:04:21.921Z'
}
⚠️ Database update blocked by RLS, but cache works: invalid input syntax for type uuid: "dev-site_info-1761048261921"
 POST /api/admin/content/general 200 in 359ms
📦 Using dev cache for contact info
 GET /api/admin/content/contact 200 in 283ms
📦 Using dev cache for contact info
 GET /api/admin/content/contact 200 in 291ms
📦 Using dev cache for active contact info
 GET /api/content/contact 200 in 287ms
 GET /api/content/social-media 200 in 892ms
 ○ Compiling /api/content/faq ...
 ✓ Compiled /api/content/faq in 730ms
 GET /api/content/faq 200 in 1169ms
 ✓ Compiled /api/content/navigation in 282ms
 GET /api/content/navigation 200 in 637ms
 ✓ Compiled in 157ms
 ✓ Compiled in 1197ms
 ✓ Compiled /admin in 210ms
 GET /api/content/general?section_key=site_info 200 in 1422ms
 GET /api/content/navigation 200 in 1440ms
 GET / 200 in 1442ms
 GET /admin 200 in 2059ms
 GET / 200 in 2205ms
 GET /admin 200 in 2429ms
 GET /api/content/general?section_key=site_info 200 in 780ms
📦 Using dev cache for active contact info
 GET /api/content/contact 200 in 552ms
 GET /api/content/general?section_key=hero_section 200 in 854ms
Table not found or database error, using fallback data: Could not find the table 'public.gallery_items' in the schema cache
 GET /api/gallery?category=all 200 in 807ms
 GET /api/content/navigation 200 in 879ms
Table not found or database error, using fallback data: Could not find the table 'public.testimonials' in the schema cache
 GET /api/testimonials 200 in 922ms
 GET /favicon.ico?favicon.0b3bf435.ico 200 in 651ms
📦 Using dev cache for active contact info
 GET /api/content/contact 200 in 541ms
 GET /api/content/general?section_key=site_info 200 in 635ms
 GET /api/content/social-media 200 in 641ms
 GET /api/content/navigation 200 in 650ms
 GET /api/admin/submissions 200 in 990ms
 GET /favicon.ico?favicon.0b3bf435.ico 200 in 720ms
 GET /api/content/social-media 200 in 702ms
 ✓ Compiled in 148ms
📦 Using dev cache for active contact info
 GET /api/content/contact 200 in 291ms
 GET /api/content/social-media 200 in 428ms
 GET /api/content/faq 200 in 467ms
 GET /api/content/navigation 200 in 372ms
 GET / 200 in 868ms
 GET /favicon.ico?favicon.0b3bf435.ico 200 in 773ms
 GET /api/content/general?section_key=site_info 200 in 966ms
📦 Using dev cache for active contact info
 GET /api/content/contact 200 in 334ms
Table not found or database error, using fallback data: Could not find the table 'public.testimonials' in the schema cache
 GET /api/testimonials 200 in 1031ms
 GET /api/content/general?section_key=hero_section 200 in 1042ms
Table not found or database error, using fallback data: Could not find the table 'public.gallery_items' in the schema cache
 GET /api/gallery?category=all 200 in 1048ms
 GET /api/content/navigation 200 in 1060ms
 GET /api/content/social-media 200 in 406ms
 ✓ Compiled /register in 53ms
 GET /register 200 in 589ms
 GET / 200 in 327ms
Table not found or database error, using fallback data: Could not find the table 'public.gallery_items' in the schema cache
 GET /api/gallery?category=all 200 in 583ms
Table not found or database error, using fallback data: Could not find the table 'public.testimonials' in the schema cache
 GET /api/testimonials 200 in 586ms
 GET /api/content/general?section_key=hero_section 200 in 637ms
Table not found or database error, using fallback data: Could not find the table 'public.testimonials' in the schema cache
 GET /api/testimonials 200 in 482ms
Table not found or database error, using fallback data: Could not find the table 'public.gallery_items' in the schema cache
 GET /api/gallery?category=all 200 in 492ms
 GET /api/content/general?section_key=hero_section 200 in 553ms
 GET /register 200 in 187ms
 ○ Compiling /competitions ...
 ✓ Compiled /competitions in 715ms
 GET /competitions 200 in 935ms
 GET / 200 in 190ms
Table not found or database error, using fallback data: Could not find the table 'public.gallery_items' in the schema cache
 GET /api/gallery?category=all 200 in 476ms
 GET /api/content/general?section_key=hero_section 200 in 697ms
Table not found or database error, using fallback data: Could not find the table 'public.testimonials' in the schema cache
 GET /api/testimonials 200 in 728ms
Table not found or database error, using fallback data: Could not find the table 'public.gallery_items' in the schema cache
 GET /api/gallery?category=all 200 in 374ms
 GET /api/content/general?section_key=hero_section 200 in 406ms
Table not found or database error, using fallback data: Could not find the table 'public.testimonials' in the schema cache
 GET /api/testimonials 200 in 420ms
 ○ Compiling /competitions/vlog-challenge ...
 ✓ Compiled /competitions/vlog-challenge in 690ms
 GET /competitions/vlog-challenge 200 in 1338ms
 ○ Compiling /api/video-upload ...
📦 Using dev cache for active contact info
 GET /api/content/contact 200 in 739ms
 GET /api/content/general?section_key=site_info 200 in 759ms
 ✓ Compiled /api/video-upload in 772ms
 GET /api/content/navigation 200 in 864ms
 GET /api/content/social-media 200 in 455ms
 ✓ Compiled /_not-found/page in 51ms
 GET /pupuh-virtual/register 404 in 354ms
 GET /api/video-upload?competitionType=vlog-challenge 200 in 2065ms
 GET /api/content/general?section_key=site_info 200 in 414ms
 GET /pupuh-virtual/register 404 in 165ms
 GET /api/content/navigation 200 in 513ms
 GET /pupuh-virtual/register 404 in 131ms
 GET /pupuh-virtual/register 404 in 123ms
 GET /pupuh-virtual/register 404 in 131ms
 GET /pupuh-virtual/register 404 in 375ms
 GET / 200 in 392ms
📦 Using dev cache for active contact info
 GET /api/content/contact 200 in 598ms
 GET /api/content/general?section_key=site_info 200 in 672ms
 GET /api/content/navigation 200 in 748ms
Table not found or database error, using fallback data: Could not find the table 'public.testimonials' in the schema cache
 GET /api/testimonials 200 in 454ms
 GET /api/content/general?section_key=hero_section 200 in 473ms
Table not found or database error, using fallback data: Could not find the table 'public.gallery_items' in the schema cache
 GET /api/gallery?category=all 200 in 532ms
 GET /api/content/social-media 200 in 372ms
Table not found or database error, using fallback data: Could not find the table 'public.testimonials' in the schema cache
 GET /api/testimonials 200 in 472ms
 GET /api/content/general?section_key=hero_section 200 in 476ms
Table not found or database error, using fallback data: Could not find the table 'public.gallery_items' in the schema cache
 GET /api/gallery?category=all 200 in 467ms
 GET /register 200 in 328ms
 ✓ Compiled in 239ms
 ✓ Compiled in 216ms
 ✓ Compiled in 144ms
 ✓ Compiled /admin in 65ms
 GET /register 200 in 824ms
 GET /admin 200 in 1288ms
 ✓ Compiled in 151ms
 ✓ Compiled in 155ms
 ✓ Compiled in 134ms
 ✓ Compiled in 175ms
 ✓ Compiled in 259ms
 ✓ Compiled in 192ms
 ✓ Compiled in 134ms
 ✓ Compiled in 143ms
 ✓ Compiled in 129ms
 ✓ Compiled in 203ms
 ✓ Compiled in 184ms
 ✓ Compiled in 138ms
 ✓ Compiled in 134ms
 ✓ Compiled in 155ms
 ✓ Compiled in 168ms
 ✓ Compiled in 179ms
 ✓ Compiled in 140ms
 ✓ Compiled in 128ms
 ✓ Compiled in 142ms
 ✓ Compiled in 172ms
 ✓ Compiled in 168ms
 ✓ Compiled in 121ms
 ✓ Compiled in 130ms
 GET /api/content/general?section_key=hero_section 200 in 1009ms
🔓 DEV BYPASS: Using development cache for content section update { sectionKey: 'hero_section', title: 'Hero Section' }
✅ Development cache updated successfully: {
  id: 'dev-hero_section-1761049544760',
  section_key: 'hero_section',
  title: 'Hero Section',
  content: {
    headline: 'TEST UPDATE - NEW HEADLINE!',
    subheadline: "SHOWCASE YOUR CLASS'S BEST WORK!",
    cta_text: 'REGISTER YOUR TEAM NOW!',
    cta_link: '/register',
    guidelines_text: 'SEE FULL GUIDELINES',
    guidelines_link: '/guidelines'
  },
  updated_by: 'dev-user',
  updated_at: '2025-10-21T12:25:44.760Z',
  created_at: '2025-10-21T12:25:44.760Z'
}
⚠️ Database update blocked by RLS, but cache works: invalid input syntax for type uuid: "dev-hero_section-1761049544760"
 POST /api/admin/content/general 200 in 567ms
 GET /api/content/general?section_key=hero_section 200 in 480ms
 GET /api/content/general?section_key=hero_section 200 in 474ms
🔓 DEV BYPASS: Using development cache for content section update { sectionKey: 'hero_section', title: 'Hero Section' }
✅ Development cache updated successfully: {
  id: 'dev-hero_section-1761049583701',
  section_key: 'hero_section',
  title: 'Hero Section',
  content: {
    headline: 'UPDATED HEADLINE - TEST 2!',
    subheadline: "SHOWCASE YOUR CLASS'S BEST WORK!",
    cta_text: 'REGISTER YOUR TEAM NOW!',
    cta_link: '/register',
    guidelines_text: 'SEE FULL GUIDELINES',
    guidelines_link: '/guidelines'
  },
  updated_by: 'dev-user',
  updated_at: '2025-10-21T12:26:23.701Z',
  created_at: '2025-10-21T12:26:23.701Z'
}
⚠️ Database update blocked by RLS, but cache works: invalid input syntax for type uuid: "dev-hero_section-1761049583701"
 POST /api/admin/content/general 200 in 436ms
 GET /api/content/general?section_key=hero_section 200 in 367ms
 ✓ Compiled in 162ms
 ✓ Compiled /register in 73ms
🔍 DEBUG: Checking cache for site_info Cache has: false
🔍 DEBUG: Checking cache for site_info Cache has: false
 GET /register 200 in 453ms
🔍 DEBUG: Checking cache for site_info Cache has: false
🔍 DEBUG: Checking cache for site_info Cache has: false
 GET /register 200 in 232ms
 GET /admin 200 in 743ms
🔍 DEBUG: Checking cache for site_info Cache has: false
🔍 DEBUG: Checking cache for site_info Cache has: false
 GET /register 200 in 248ms
 GET /admin 200 in 519ms
🔍 DEBUG: Checking cache for site_info Cache has: false
🔍 DEBUG: Checking cache for site_info Cache has: false
 GET /register 200 in 264ms
 GET /admin 200 in 627ms
 GET /admin 200 in 919ms
🔍 DEBUG: Checking cache for site_info Cache has: false
🔍 DEBUG: Checking cache for site_info Cache has: false
 GET /register 200 in 816ms
🔍 DEBUG: Checking cache for site_info Cache has: false
🔍 DEBUG: Checking cache for site_info Cache has: false
 GET /register 200 in 254ms
 GET /admin 200 in 1060ms
🔍 DEBUG: Checking cache for site_info Cache has: false
🔍 DEBUG: Checking cache for site_info Cache has: false
 GET /register 200 in 389ms
 GET /admin 200 in 616ms
🔍 DEBUG: Checking cache for site_info Cache has: false
🔍 DEBUG: Checking cache for site_info Cache has: false
 GET /register 200 in 326ms
 GET /admin 200 in 715ms
🔍 DEBUG: Checking cache for site_info Cache has: false
🔍 DEBUG: Checking cache for site_info Cache has: false
 GET /register 200 in 278ms
 GET /admin 200 in 570ms
 GET /admin 200 in 534ms
🔍 DEBUG: Checking cache for hero_section Cache has: false
 GET /api/content/general?section_key=hero_section 200 in 801ms
 ✓ Compiled in 223ms
 ✓ Compiled /admin in 86ms
🔍 DEBUG: Checking cache for site_info Cache has: false
🔍 DEBUG: Checking cache for site_info Cache has: false
 GET /register 200 in 543ms
 GET /admin 200 in 560ms
🔍 DEBUG: Checking cache for site_info Cache has: false
🔍 DEBUG: Checking cache for site_info Cache has: false
 GET /register 200 in 317ms
 GET /admin 200 in 338ms
🔍 DEBUG: Checking cache for site_info Cache has: false
🔍 DEBUG: Checking cache for site_info Cache has: false
 GET /register 200 in 277ms
 GET /admin 200 in 284ms
🔍 DEBUG: Checking cache for site_info Cache has: false
🔍 DEBUG: Checking cache for site_info Cache has: false
 GET /register 200 in 259ms
 GET /admin 200 in 285ms
🔍 DEBUG: Checking cache for site_info Cache has: false
🔍 DEBUG: Checking cache for site_info Cache has: false
 GET /register 200 in 271ms
 GET /admin 200 in 314ms
🔍 DEBUG: Checking cache for site_info Cache has: false
🔍 DEBUG: Checking cache for site_info Cache has: false
 GET /register 200 in 529ms
 GET /admin 200 in 573ms
🔍 DEBUG: Checking cache for site_info Cache has: false
🔍 DEBUG: Checking cache for site_info Cache has: false
 GET /register 200 in 904ms
 GET /admin 200 in 907ms
🔍 DEBUG: Checking cache for site_info Cache has: false
🔍 DEBUG: Checking cache for site_info Cache has: false
 GET /register 200 in 283ms
 GET /admin 200 in 298ms
🔍 DEBUG: Checking cache for site_info Cache has: false
🔍 DEBUG: Checking cache for site_info Cache has: false
 GET /register 200 in 262ms
 GET /admin 200 in 246ms
 ✓ Compiled /_not-found/page in 39ms
 GET /pupuh-virtual/register 404 in 142ms
 GET /pupuh-virtual/register 404 in 118ms
 GET /pupuh-virtual/register 404 in 109ms
 GET /pupuh-virtual/register 404 in 120ms
 GET /pupuh-virtual/register 404 in 114ms
 GET /pupuh-virtual/register 404 in 165ms
 GET /pupuh-virtual/register 404 in 122ms
 GET /pupuh-virtual/register 404 in 118ms
 GET /pupuh-virtual/register 404 in 134ms
 GET /pupuh-virtual/register 404 in 126ms
 GET /pupuh-virtual/register 404 in 163ms
 GET /pupuh-virtual/register 404 in 112ms
 GET /pupuh-virtual/register 404 in 118ms
 GET /pupuh-virtual/register 404 in 113ms
 GET /pupuh-virtual/register 404 in 163ms
 GET /pupuh-virtual/register 404 in 186ms
 GET /pupuh-virtual/register 404 in 137ms
 GET /pupuh-virtual/register 404 in 121ms
 GET /pupuh-virtual/register 404 in 113ms
 GET /pupuh-virtual/register 404 in 646ms
🔍 DEBUG: Checking cache for site_info Cache has: false
 GET /api/content/general?section_key=site_info 200 in 592ms
 GET /api/content/navigation 200 in 674ms
📦 Cached contact info in development (active fetch)
 GET /api/content/contact 200 in 746ms
 GET /api/content/social-media 200 in 563ms
🔓 DEV BYPASS: Using development cache for content section update { sectionKey: 'hero_section', title: 'Hero Section' }
✅ Development cache updated successfully: hero_section {
  id: 'dev-hero_section-1761049731261',
  section_key: 'hero_section',
  title: 'Hero Section',
  content: {
    headline: 'FINAL TEST HEADLINE!',
    subheadline: "SHOWCASE YOUR CLASS'S BEST WORK!",
    cta_text: 'REGISTER YOUR TEAM NOW!',
    cta_link: '/register',
    guidelines_text: 'SEE FULL GUIDELINES',
    guidelines_link: '/guidelines'
  },
  updated_by: 'dev-user',
  updated_at: '2025-10-21T12:28:51.261Z',
  created_at: '2025-10-21T12:28:51.261Z'
}
🔍 DEBUG: Cache now has key: true
⚠️ Database update blocked by RLS, but cache works: invalid input syntax for type uuid: "dev-hero_section-1761049731261"
 POST /api/admin/content/general 200 in 603ms
 ✓ Compiled in 171ms
 ✓ Compiled /admin in 74ms
🔍 DEBUG: Checking cache for site_info Cache has: false
🔍 DEBUG: Checking cache for site_info Cache has: false
 GET /register 200 in 1012ms
🔍 DEBUG: Checking cache for site_info Cache has: false
🔍 DEBUG: Checking cache for site_info Cache has: false
 GET /register 200 in 350ms
🔍 DEBUG: Checking cache for site_info Cache has: false
🔍 DEBUG: Checking cache for site_info Cache has: false
 GET /register 200 in 327ms
🔍 DEBUG: Checking cache for site_info Cache has: false
🔍 DEBUG: Checking cache for site_info Cache has: false
 GET /register 200 in 310ms
 GET /admin 200 in 1915ms
 GET /admin 200 in 927ms
 GET /admin 200 in 688ms
🔍 DEBUG: Checking cache for site_info Cache has: false
🔍 DEBUG: Checking cache for site_info Cache has: false
 GET /register 200 in 465ms
 GET /admin 200 in 750ms
🔍 DEBUG: Checking cache for site_info Cache has: false
🔍 DEBUG: Checking cache for site_info Cache has: false
 GET /register 200 in 345ms
 GET /admin 200 in 792ms
🔍 DEBUG: Checking cache for site_info Cache has: false
🔍 DEBUG: Checking cache for site_info Cache has: false
 GET /admin 200 in 1450ms
 GET /register 200 in 1188ms
🔍 DEBUG: Checking cache for site_info Cache has: false
🔍 DEBUG: Checking cache for site_info Cache has: false
 GET /register 200 in 254ms
 GET /admin 200 in 1467ms
🔍 DEBUG: Checking cache for site_info Cache has: false
🔍 DEBUG: Checking cache for site_info Cache has: false
 GET /register 200 in 458ms
 GET /admin 200 in 698ms
 GET /admin 200 in 717ms
🔍 DEBUG: Checking cache for site_info Cache has: false
 GET /admin 200 in 959ms
🔍 DEBUG: Checking cache for site_info Cache has: false
 GET /favicon.ico?favicon.0b3bf435.ico 200 in 640ms
 GET /api/content/general?section_key=site_info 200 in 738ms
📦 Cached contact info in development (active fetch)
 GET /api/content/contact 200 in 883ms
 GET /api/content/navigation 200 in 893ms
 GET /api/admin/submissions 200 in 1148ms
📦 Cached social media in development (active fetch)
 GET /api/content/social-media 200 in 565ms
🔍 DEBUG: Checking cache for hero_section Cache has: false
🔍 DEBUG: Checking cache for site_info Cache has: false
 GET /api/content/general?section_key=hero_section 200 in 530ms
 GET /api/content/general?section_key=site_info 200 in 534ms
🔍 DEBUG: Checking cache for hero_section Cache has: false
🔍 DEBUG: Checking cache for site_info Cache has: false
 GET /api/content/general?section_key=hero_section 200 in 440ms
 GET /api/content/general?section_key=site_info 200 in 456ms
🔓 DEV BYPASS: Using development cache for content section update { sectionKey: 'hero_section', title: 'Hero Section' }
✅ Development cache updated successfully: hero_section {
  id: 'dev-hero_section-1761049843479',
  section_key: 'hero_section',
  title: 'Hero Section',
  content: {
    headline: "LET'S BUILD YOUR CREATIVITY!h",
    subheadline: "SHOWCASE YOUR CLASS'S BEST WORK!",
    cta_text: 'REGISTER YOUR TEAM NOW!',
    cta_link: '/register',
    guidelines_text: 'SEE FULL GUIDELINES',
    guidelines_link: '/guidelines'
  },
  updated_by: 'dev-user',
  updated_at: '2025-10-21T12:30:43.479Z',
  created_at: '2025-10-21T12:30:43.479Z'
}
🔍 DEBUG: Cache now has key: true
⚠️ Database update blocked by RLS, but cache works: invalid input syntax for type uuid: "dev-hero_section-1761049843479"
 POST /api/admin/content/general 200 in 654ms
🔍 DEBUG: Checking cache for hero_section Cache has: false
 GET /api/content/general?section_key=hero_section 200 in 373ms
 ✓ Compiled / in 35ms
 GET / 200 in 290ms
🔍 DEBUG: Checking cache for hero_section Cache has: false
 GET /api/content/general?section_key=hero_section 200 in 442ms
Table not found or database error, using fallback data: Could not find the table 'public.gallery_items' in the schema cache
 GET /api/gallery?category=all 200 in 523ms
Table not found or database error, using fallback data: Could not find the table 'public.testimonials' in the schema cache
 GET /api/testimonials 200 in 538ms
🔍 DEBUG: Checking cache for hero_section Cache has: false
 GET /api/content/general?section_key=hero_section 200 in 464ms
Table not found or database error, using fallback data: Could not find the table 'public.gallery_items' in the schema cache
 GET /api/gallery?category=all 200 in 437ms
Table not found or database error, using fallback data: Could not find the table 'public.testimonials' in the schema cache
 GET /api/testimonials 200 in 437ms
 ✓ Compiled in 240ms
 ✓ Compiled / in 115ms
🔍 DEBUG: Checking cache for site_info Cache has: false
🔍 DEBUG: Checking cache for site_info Cache has: false
 GET / 200 in 1571ms
🔍 DEBUG: Checking cache for site_info Cache has: false
🔍 DEBUG: Checking cache for site_info Cache has: false
 GET / 200 in 254ms
 GET /admin 200 in 1914ms
🔍 DEBUG: Checking cache for site_info Cache has: false
🔍 DEBUG: Checking cache for site_info Cache has: false
 GET / 200 in 259ms
 GET /admin 200 in 615ms
🔍 DEBUG: Checking cache for site_info Cache has: false
🔍 DEBUG: Checking cache for site_info Cache has: false
 GET / 200 in 306ms
 GET /admin 200 in 561ms
🔍 DEBUG: Checking cache for site_info Cache has: false
🔍 DEBUG: Checking cache for site_info Cache has: false
 GET / 200 in 318ms
 GET /admin 200 in 615ms
🔍 DEBUG: Checking cache for site_info Cache has: false
🔍 DEBUG: Checking cache for site_info Cache has: false
 GET /admin 200 in 661ms
 GET / 200 in 416ms
🔍 DEBUG: Checking cache for site_info Cache has: false
🔍 DEBUG: Checking cache for site_info Cache has: false
 GET / 200 in 298ms
 GET /admin 200 in 731ms
🔍 DEBUG: Checking cache for site_info Cache has: false
🔍 DEBUG: Checking cache for site_info Cache has: false
 GET / 200 in 260ms
🔍 DEBUG: Checking cache for site_info Cache has: false
🔍 DEBUG: Checking cache for site_info Cache has: false
 GET /admin 200 in 891ms
 GET / 200 in 356ms
 GET /admin 200 in 619ms
 GET /admin 200 in 609ms
 ✓ Compiled in 197ms
 ✓ Compiled / in 86ms
🔍 DEBUG: Checking cache for site_info Cache has: false
🔍 DEBUG: Checking cache for site_info Cache has: false
 GET / 200 in 469ms
🔍 DEBUG: Checking cache for site_info Cache has: false
🔍 DEBUG: Checking cache for site_info Cache has: false
 GET / 200 in 284ms
🔍 DEBUG: Checking cache for site_info Cache has: false
🔍 DEBUG: Checking cache for site_info Cache has: false
 GET / 200 in 254ms
🔍 DEBUG: Checking cache for site_info Cache has: false
🔍 DEBUG: Checking cache for site_info Cache has: false
 GET /admin 200 in 762ms
 GET /admin 200 in 1238ms
 GET / 200 in 240ms
 GET /admin 200 in 617ms
🔍 DEBUG: Checking cache for site_info Cache has: false
🔍 DEBUG: Checking cache for site_info Cache has: false
 GET / 200 in 252ms
 GET /admin 200 in 606ms
🔍 DEBUG: Checking cache for site_info Cache has: false
🔍 DEBUG: Checking cache for site_info Cache has: false
 GET / 200 in 293ms
 GET /admin 200 in 585ms
 ✓ Compiled /_not-found/page in 217ms
 GET /pupuh-virtual/register 404 in 394ms
🔍 DEBUG: Checking cache for site_info Cache has: false
🔍 DEBUG: Checking cache for site_info Cache has: false
 GET /admin 200 in 739ms
 GET / 200 in 439ms
 GET /pupuh-virtual/register 404 in 361ms
🔍 DEBUG: Checking cache for site_info Cache has: false
🔍 DEBUG: Checking cache for site_info Cache has: false
 GET / 200 in 366ms
 GET /admin 200 in 876ms
 GET /admin 200 in 1429ms
 GET /pupuh-virtual/register 404 in 1239ms
🔍 DEBUG: Checking cache for site_info Cache has: false
🔍 DEBUG: Checking cache for site_info Cache has: false
 GET / 200 in 1221ms
 GET /pupuh-virtual/register 404 in 580ms
 GET /admin 200 in 1486ms
 GET /pupuh-virtual/register 404 in 153ms
 GET /pupuh-virtual/register 404 in 158ms
 GET /pupuh-virtual/register 404 in 131ms
 GET /pupuh-virtual/register 404 in 145ms
 GET /pupuh-virtual/register 404 in 124ms
 GET /pupuh-virtual/register 404 in 113ms
 GET /pupuh-virtual/register 404 in 127ms
 GET /pupuh-virtual/register 404 in 132ms
 GET /pupuh-virtual/register 404 in 136ms
 GET /pupuh-virtual/register 404 in 106ms
 GET /pupuh-virtual/register 404 in 95ms
 GET /pupuh-virtual/register 404 in 122ms
 GET /pupuh-virtual/register 404 in 105ms
 GET /pupuh-virtual/register 404 in 129ms
 GET /pupuh-virtual/register 404 in 96ms
 GET /pupuh-virtual/register 404 in 112ms
 GET /pupuh-virtual/register 404 in 122ms
 GET /pupuh-virtual/register 404 in 109ms
 GET /pupuh-virtual/register 404 in 109ms
 GET /pupuh-virtual/register 404 in 134ms
 GET /pupuh-virtual/register 404 in 108ms
 GET /pupuh-virtual/register 404 in 123ms
 GET /pupuh-virtual/register 404 in 116ms
 GET /pupuh-virtual/register 404 in 370ms
🔍 DEBUG: Checking cache for site_info Cache has: false
 GET /api/content/general?section_key=site_info 200 in 638ms
 GET /api/content/navigation 200 in 756ms
📦 Cached contact info in development (active fetch)
 GET /api/content/contact 200 in 772ms
📦 Cached social media in development (active fetch)
 GET /api/content/social-media 200 in 496ms
 ✓ Compiled in 174ms
 ✓ Compiled / in 87ms
🔍 DEBUG: Checking cache for site_info Cache has: false
🔍 DEBUG: Checking cache for site_info Cache has: false
 GET /pupuh-virtual/register 404 in 556ms
 GET / 200 in 583ms
 GET /pupuh-virtual/register 404 in 245ms
🔍 DEBUG: Checking cache for site_info Cache has: false
🔍 DEBUG: Checking cache for site_info Cache has: false
 GET / 200 in 375ms
🔍 DEBUG: Checking cache for site_info Cache has: false
🔍 DEBUG: Checking cache for site_info Cache has: false
 GET / 200 in 264ms
 GET /admin 200 in 1287ms
 GET /admin 200 in 723ms
🔍 DEBUG: Checking cache for site_info Cache has: false
🔍 DEBUG: Checking cache for site_info Cache has: false
 GET / 200 in 271ms
 GET /admin 200 in 630ms
🔍 DEBUG: Checking cache for site_info Cache has: false
🔍 DEBUG: Checking cache for site_info Cache has: false
 GET / 200 in 290ms
 GET /admin 200 in 559ms
🔍 DEBUG: Checking cache for site_info Cache has: false
🔍 DEBUG: Checking cache for site_info Cache has: false
 GET / 200 in 219ms
 GET /admin 200 in 541ms
🔍 DEBUG: Checking cache for site_info Cache has: false
🔍 DEBUG: Checking cache for site_info Cache has: false
 GET / 200 in 265ms
 GET /admin 200 in 528ms
🔍 DEBUG: Checking cache for site_info Cache has: false
🔍 DEBUG: Checking cache for site_info Cache has: false
 GET / 200 in 252ms
 GET /admin 200 in 541ms
🔍 DEBUG: Checking cache for site_info Cache has: false
🔍 DEBUG: Checking cache for site_info Cache has: false
 GET / 200 in 215ms
 GET /admin 200 in 540ms
 GET /admin 200 in 563ms
 ✓ Compiled in 242ms
 ✓ Compiled / in 94ms
🔍 DEBUG: Checking cache for site_info Cache has: false
 GET / 200 in 1002ms
🔍 DEBUG: Checking cache for site_info Cache has: false
🔍 DEBUG: Checking cache for site_info Cache has: false
 GET / 200 in 207ms
🔍 DEBUG: Checking cache for site_info Cache has: false
 GET /admin 200 in 1320ms
🔍 DEBUG: Checking cache for site_info Cache has: false
 GET / 200 in 219ms
🔍 DEBUG: Checking cache for site_info Cache has: false
 GET /admin 200 in 516ms
🔍 DEBUG: Checking cache for site_info Cache has: false
 GET / 200 in 254ms
🔍 DEBUG: Checking cache for site_info Cache has: false
 GET /admin 200 in 524ms
🔍 DEBUG: Checking cache for site_info Cache has: false
 GET / 200 in 251ms
🔍 DEBUG: Checking cache for site_info Cache has: false
 GET /admin 200 in 555ms
🔍 DEBUG: Checking cache for site_info Cache has: false
 GET / 200 in 287ms
🔍 DEBUG: Checking cache for site_info Cache has: false
 GET /admin 200 in 559ms
🔍 DEBUG: Checking cache for site_info Cache has: false
 GET / 200 in 235ms
🔍 DEBUG: Checking cache for site_info Cache has: false
 GET /admin 200 in 634ms
🔍 DEBUG: Checking cache for site_info Cache has: false
 GET /admin 200 in 607ms
 GET / 200 in 458ms
🔍 DEBUG: Checking cache for site_info Cache has: false
🔍 DEBUG: Checking cache for site_info Cache has: false
 GET / 200 in 262ms
🔍 DEBUG: Checking cache for site_info Cache has: false
 GET /admin 200 in 718ms
 GET /admin 200 in 545ms
 ✓ Compiled in 161ms
 ✓ Compiled / in 70ms
🔍 DEBUG: Checking cache for site_info Cache has: false
🔍 DEBUG: Checking cache for site_info Cache has: false
 GET / 200 in 394ms
🔍 DEBUG: Checking cache for site_info Cache has: false
🔍 DEBUG: Checking cache for site_info Cache has: false
 GET / 200 in 258ms
 GET /admin 200 in 763ms
🔍 DEBUG: Checking cache for site_info Cache has: false
🔍 DEBUG: Checking cache for site_info Cache has: false
 GET / 200 in 472ms
 GET /admin 200 in 558ms
 GET /admin 200 in 793ms
🔍 DEBUG: Checking cache for site_info Cache has: false
🔍 DEBUG: Checking cache for site_info Cache has: false
 GET / 200 in 282ms
🔍 DEBUG: Checking cache for site_info Cache has: false
🔍 DEBUG: Checking cache for site_info Cache has: false
 GET / 200 in 272ms
 GET /admin 200 in 551ms
🔍 DEBUG: Checking cache for site_info Cache has: false
🔍 DEBUG: Checking cache for site_info Cache has: false
 GET /admin 200 in 536ms
 GET / 200 in 281ms
🔍 DEBUG: Checking cache for site_info Cache has: false
🔍 DEBUG: Checking cache for site_info Cache has: false
 GET / 200 in 235ms
 GET /admin 200 in 525ms
🔍 DEBUG: Checking cache for site_info Cache has: false
🔍 DEBUG: Checking cache for site_info Cache has: false
 GET / 200 in 230ms
 GET /admin 200 in 495ms
🔍 DEBUG: Checking cache for site_info Cache has: false
🔍 DEBUG: Checking cache for site_info Cache has: false
 GET / 200 in 203ms
 GET /admin 200 in 492ms
 GET /admin 200 in 628ms
 ✓ Compiled in 150ms
 ✓ Compiled / in 83ms
🔍 DEBUG: Checking cache for site_info Cache has: false
🔍 DEBUG: Checking cache for site_info Cache has: false
 GET / 200 in 540ms
 ✓ Compiled /_not-found/page in 105ms
🔍 DEBUG: Checking cache for site_info Cache has: false
 GET /admin 200 in 1628ms
 GET /pupuh-virtual/register 404 in 1132ms
🔍 DEBUG: Checking cache for site_info Cache has: false
 GET / 200 in 1181ms
 GET /pupuh-virtual/register 404 in 814ms
🔍 DEBUG: Checking cache for site_info Cache has: false
🔍 DEBUG: Checking cache for site_info Cache has: false
 GET /admin 200 in 1545ms
 GET / 200 in 381ms
 GET /pupuh-virtual/register 404 in 333ms
🔍 DEBUG: Checking cache for site_info Cache has: false
🔍 DEBUG: Checking cache for site_info Cache has: false
 GET /admin 200 in 713ms
 GET / 200 in 347ms
 GET /pupuh-virtual/register 404 in 344ms
🔍 DEBUG: Checking cache for site_info Cache has: false
🔍 DEBUG: Checking cache for site_info Cache has: false
 GET /admin 200 in 696ms
 GET / 200 in 391ms
 GET /pupuh-virtual/register 404 in 525ms
 GET /admin 200 in 718ms
🔍 DEBUG: Checking cache for site_info Cache has: false
🔍 DEBUG: Checking cache for site_info Cache has: false
 GET / 200 in 532ms
 GET /pupuh-virtual/register 404 in 375ms
🔍 DEBUG: Checking cache for site_info Cache has: false
🔍 DEBUG: Checking cache for site_info Cache has: false
 GET / 200 in 351ms
 GET /admin 200 in 872ms
 GET /pupuh-virtual/register 404 in 329ms
🔍 DEBUG: Checking cache for site_info Cache has: false
🔍 DEBUG: Checking cache for site_info Cache has: false
 GET / 200 in 382ms
 GET /admin 200 in 758ms
 GET /pupuh-virtual/register 404 in 360ms
🔍 DEBUG: Checking cache for site_info Cache has: false
🔍 DEBUG: Checking cache for site_info Cache has: false
 GET /admin 200 in 783ms
 GET / 200 in 446ms
 GET /pupuh-virtual/register 404 in 365ms
 GET /pupuh-virtual/register 404 in 173ms
 GET /admin 200 in 663ms
 GET /pupuh-virtual/register 404 in 192ms
 GET /pupuh-virtual/register 404 in 139ms
 GET /pupuh-virtual/register 404 in 129ms
 GET /pupuh-virtual/register 404 in 128ms
 ✓ Compiled in 154ms
 ✓ Compiled /admin in 90ms
🔍 DEBUG: Checking cache for site_info Cache has: false
🔍 DEBUG: Checking cache for site_info Cache has: false
 GET / 200 in 514ms
🔍 DEBUG: Checking cache for site_info Cache has: false
🔍 DEBUG: Checking cache for site_info Cache has: false
 GET / 200 in 443ms
 GET /admin 200 in 1047ms
🔍 DEBUG: Checking cache for site_info Cache has: false
🔍 DEBUG: Checking cache for site_info Cache has: false
 GET / 200 in 319ms
🔍 DEBUG: Checking cache for site_info Cache has: false
🔍 DEBUG: Checking cache for site_info Cache has: false
 GET /admin 200 in 697ms
 GET /admin 200 in 1103ms
 GET / 200 in 439ms
🔍 DEBUG: Checking cache for site_info Cache has: false
🔍 DEBUG: Checking cache for site_info Cache has: false
 GET /admin 200 in 776ms
 GET / 200 in 382ms
🔍 DEBUG: Checking cache for site_info Cache has: false
🔍 DEBUG: Checking cache for site_info Cache has: false
 GET /admin 200 in 662ms
 GET / 200 in 283ms
🔍 DEBUG: Checking cache for site_info Cache has: false
🔍 DEBUG: Checking cache for site_info Cache has: false
 GET /admin 200 in 704ms
 GET / 200 in 462ms
🔍 DEBUG: Checking cache for site_info Cache has: false
🔍 DEBUG: Checking cache for site_info Cache has: false
 GET /admin 200 in 854ms
 GET / 200 in 407ms
🔍 DEBUG: Checking cache for site_info Cache has: false
🔍 DEBUG: Checking cache for site_info Cache has: false
 GET / 200 in 255ms
 GET /admin 200 in 670ms
 GET /admin 200 in 550ms
 ✓ Compiled in 153ms
 ✓ Compiled / in 92ms
🔍 DEBUG: Checking cache for site_info Cache has: false
🔍 DEBUG: Checking cache for site_info Cache has: false
 GET / 200 in 526ms
🔍 DEBUG: Checking cache for site_info Cache has: false
🔍 DEBUG: Checking cache for site_info Cache has: false
 GET /admin 200 in 2005ms
 GET / 200 in 1491ms
 GET /admin 200 in 1505ms
🔍 DEBUG: Checking cache for site_info Cache has: false
🔍 DEBUG: Checking cache for site_info Cache has: false
 GET / 200 in 224ms
🔍 DEBUG: Checking cache for site_info Cache has: false
🔍 DEBUG: Checking cache for site_info Cache has: false
 GET / 200 in 197ms
 GET /admin 200 in 755ms
🔍 DEBUG: Checking cache for site_info Cache has: false
🔍 DEBUG: Checking cache for site_info Cache has: false
 GET / 200 in 208ms
 GET /admin 200 in 446ms
🔍 DEBUG: Checking cache for site_info Cache has: false
🔍 DEBUG: Checking cache for site_info Cache has: false
 GET / 200 in 302ms
 GET /admin 200 in 546ms
🔍 DEBUG: Checking cache for site_info Cache has: false
🔍 DEBUG: Checking cache for site_info Cache has: false
 GET / 200 in 357ms
 GET /admin 200 in 614ms
🔍 DEBUG: Checking cache for site_info Cache has: false
🔍 DEBUG: Checking cache for site_info Cache has: false
 GET /admin 200 in 784ms
 GET / 200 in 450ms
🔍 DEBUG: Checking cache for site_info Cache has: false
🔍 DEBUG: Checking cache for site_info Cache has: false
 GET /admin 200 in 682ms
 GET / 200 in 243ms
 GET /admin 200 in 474ms
 ✓ Compiled in 159ms
 ✓ Compiled /admin in 88ms
🔍 DEBUG: Checking cache for site_info Cache has: false
🔍 DEBUG: Checking cache for site_info Cache has: false
 GET / 200 in 580ms
🔍 DEBUG: Checking cache for site_info Cache has: false
🔍 DEBUG: Checking cache for site_info Cache has: false
 GET / 200 in 228ms
 GET /admin 200 in 915ms
🔍 DEBUG: Checking cache for site_info Cache has: false
🔍 DEBUG: Checking cache for site_info Cache has: false
 GET / 200 in 263ms
 GET /admin 200 in 566ms
🔍 DEBUG: Checking cache for site_info Cache has: false
🔍 DEBUG: Checking cache for site_info Cache has: false
 GET / 200 in 239ms
 GET /admin 200 in 544ms
🔍 DEBUG: Checking cache for site_info Cache has: false
🔍 DEBUG: Checking cache for site_info Cache has: false
 GET /admin 200 in 512ms
 GET / 200 in 279ms
🔍 DEBUG: Checking cache for site_info Cache has: false
🔍 DEBUG: Checking cache for site_info Cache has: false
 GET /admin 200 in 566ms
 GET / 200 in 279ms
🔍 DEBUG: Checking cache for site_info Cache has: false
🔍 DEBUG: Checking cache for site_info Cache has: false
 GET / 200 in 226ms
 GET /admin 200 in 549ms
🔍 DEBUG: Checking cache for site_info Cache has: false
🔍 DEBUG: Checking cache for site_info Cache has: false
 GET / 200 in 246ms
 GET /admin 200 in 601ms
🔍 DEBUG: Checking cache for site_info Cache has: false
🔍 DEBUG: Checking cache for site_info Cache has: false
 GET /admin 200 in 555ms
 GET / 200 in 332ms
 GET /admin 200 in 660ms
 ✓ Compiled in 185ms
 ✓ Compiled /admin in 87ms
🔍 DEBUG: Checking cache for site_info Cache has: false
🔍 DEBUG: Checking cache for site_info Cache has: false
 GET / 200 in 1114ms
 GET /admin 200 in 1312ms
🔍 DEBUG: Checking cache for site_info Cache has: false
🔍 DEBUG: Checking cache for site_info Cache has: false
 GET / 200 in 742ms
 GET /admin 200 in 944ms
🔍 DEBUG: Checking cache for site_info Cache has: false
🔍 DEBUG: Checking cache for site_info Cache has: false
 GET / 200 in 1644ms
 GET /admin 200 in 1689ms
 ✓ Compiled /_not-found/page in 73ms
🔍 DEBUG: Checking cache for site_info Cache has: false
🔍 DEBUG: Checking cache for site_info Cache has: false
 GET / 200 in 313ms
 GET /pupuh-virtual/register 404 in 290ms
🔍 DEBUG: Checking cache for site_info Cache has: false
🔍 DEBUG: Checking cache for site_info Cache has: false
 GET /admin 200 in 927ms
 GET / 200 in 277ms
🔍 DEBUG: Checking cache for site_info Cache has: false
🔍 DEBUG: Checking cache for site_info Cache has: false
 GET / 200 in 270ms
 GET /admin 200 in 596ms
🔍 DEBUG: Checking cache for site_info Cache has: false
🔍 DEBUG: Checking cache for site_info Cache has: false
 GET /admin 200 in 667ms
 GET / 200 in 428ms
 GET /admin 200 in 605ms
🔍 DEBUG: Checking cache for site_info Cache has: false
🔍 DEBUG: Checking cache for site_info Cache has: false
 GET / 200 in 480ms
🔍 DEBUG: Checking cache for site_info Cache has: false
🔍 DEBUG: Checking cache for site_info Cache has: false
 GET /admin 200 in 769ms
 GET / 200 in 300ms
 GET /admin 200 in 525ms
 GET /pupuh-virtual/register 404 in 111ms
 GET /pupuh-virtual/register 404 in 168ms
 GET /pupuh-virtual/register 404 in 129ms
 GET /pupuh-virtual/register 404 in 136ms
 GET /pupuh-virtual/register 404 in 137ms
 GET /pupuh-virtual/register 404 in 126ms
 GET /pupuh-virtual/register 404 in 111ms
 GET /pupuh-virtual/register 404 in 117ms
 GET /pupuh-virtual/register 404 in 106ms
 GET /pupuh-virtual/register 404 in 122ms
 GET /pupuh-virtual/register 404 in 122ms
 GET /pupuh-virtual/register 404 in 112ms
 GET /pupuh-virtual/register 404 in 122ms
 GET /pupuh-virtual/register 404 in 117ms
 GET /pupuh-virtual/register 404 in 115ms
 GET /pupuh-virtual/register 404 in 347ms
 GET /pupuh-virtual/register 404 in 170ms
 GET /pupuh-virtual/register 404 in 108ms
 GET /pupuh-virtual/register 404 in 123ms
 GET /pupuh-virtual/register 404 in 111ms
 GET /pupuh-virtual/register 404 in 125ms
 GET /pupuh-virtual/register 404 in 116ms
 GET /pupuh-virtual/register 404 in 117ms
 GET /pupuh-virtual/register 404 in 137ms
 GET /pupuh-virtual/register 404 in 155ms
 ✓ Compiled in 177ms
 ✓ Compiled / in 83ms
🔍 DEBUG: Checking cache for site_info Cache has: false
🔍 DEBUG: Checking cache for site_info Cache has: false
 GET / 200 in 538ms
🔍 DEBUG: Checking cache for site_info Cache has: false
🔍 DEBUG: Checking cache for site_info Cache has: false
 GET / 200 in 285ms
🔍 DEBUG: Checking cache for site_info Cache has: false
🔍 DEBUG: Checking cache for site_info Cache has: false
 GET / 200 in 260ms
 GET /admin 200 in 1191ms
 GET /admin 200 in 663ms
🔍 DEBUG: Checking cache for site_info Cache has: false
🔍 DEBUG: Checking cache for site_info Cache has: false
 GET /admin 200 in 707ms
 GET / 200 in 465ms
🔍 DEBUG: Checking cache for site_info Cache has: false
🔍 DEBUG: Checking cache for site_info Cache has: false
 GET /admin 200 in 743ms
 GET / 200 in 315ms
🔍 DEBUG: Checking cache for site_info Cache has: false
🔍 DEBUG: Checking cache for site_info Cache has: false
 GET /admin 200 in 602ms
 GET / 200 in 302ms
🔍 DEBUG: Checking cache for site_info Cache has: false
🔍 DEBUG: Checking cache for site_info Cache has: false
 GET /admin 200 in 613ms
 GET / 200 in 329ms
🔍 DEBUG: Checking cache for site_info Cache has: false
🔍 DEBUG: Checking cache for site_info Cache has: false
 GET /admin 200 in 605ms
 GET / 200 in 277ms
🔍 DEBUG: Checking cache for site_info Cache has: false
🔍 DEBUG: Checking cache for site_info Cache has: false
 GET /admin 200 in 708ms
 GET / 200 in 398ms
 GET /admin 200 in 597ms
 ✓ Compiled in 195ms
 ✓ Compiled / in 74ms
🔍 DEBUG: Checking cache for site_info Cache has: false
🔍 DEBUG: Checking cache for site_info Cache has: false
 GET / 200 in 1018ms
 GET /admin 200 in 1395ms
🔍 DEBUG: Checking cache for site_info Cache has: false
🔍 DEBUG: Checking cache for site_info Cache has: false
 GET / 200 in 1011ms
🔍 DEBUG: Checking cache for site_info Cache has: false
🔍 DEBUG: Checking cache for site_info Cache has: false
 GET / 200 in 258ms
 GET /admin 200 in 1308ms
🔍 DEBUG: Checking cache for site_info Cache has: false
🔍 DEBUG: Checking cache for site_info Cache has: false
 GET / 200 in 275ms
 GET /admin 200 in 643ms
🔍 DEBUG: Checking cache for site_info Cache has: false
🔍 DEBUG: Checking cache for site_info Cache has: false
 GET / 200 in 265ms
 GET /admin 200 in 559ms
🔍 DEBUG: Checking cache for site_info Cache has: false
🔍 DEBUG: Checking cache for site_info Cache has: false
 GET /admin 200 in 693ms
 GET / 200 in 445ms
🔍 DEBUG: Checking cache for site_info Cache has: false
🔍 DEBUG: Checking cache for site_info Cache has: false
 GET / 200 in 241ms
🔍 DEBUG: Checking cache for site_info Cache has: false
🔍 DEBUG: Checking cache for site_info Cache has: false
 GET /admin 200 in 932ms
 GET / 200 in 268ms
 GET /admin 200 in 526ms
🔍 DEBUG: Checking cache for site_info Cache has: false
🔍 DEBUG: Checking cache for site_info Cache has: false
 GET / 200 in 246ms
 GET /admin 200 in 594ms
 GET /admin 200 in 520ms
 ✓ Compiled in 201ms
 ✓ Compiled / in 100ms
🔍 DEBUG: Checking cache for site_info Cache has: false
🔍 DEBUG: Checking cache for site_info Cache has: false
 GET / 200 in 580ms
🔍 DEBUG: Checking cache for site_info Cache has: false
🔍 DEBUG: Checking cache for site_info Cache has: false
 GET / 200 in 270ms
🔍 DEBUG: Checking cache for site_info Cache has: false
🔍 DEBUG: Checking cache for site_info Cache has: false
 GET / 200 in 283ms
 GET /admin 200 in 1260ms
 GET /admin 200 in 685ms
🔍 DEBUG: Checking cache for site_info Cache has: false
🔍 DEBUG: Checking cache for site_info Cache has: false
 GET / 200 in 292ms
 GET /admin 200 in 647ms
🔍 DEBUG: Checking cache for site_info Cache has: false
🔍 DEBUG: Checking cache for site_info Cache has: false
 GET / 200 in 232ms
 GET /admin 200 in 557ms
🔍 DEBUG: Checking cache for site_info Cache has: false
🔍 DEBUG: Checking cache for site_info Cache has: false
 GET / 200 in 254ms
 GET /admin 200 in 507ms
🔍 DEBUG: Checking cache for site_info Cache has: false
🔍 DEBUG: Checking cache for site_info Cache has: false
 GET / 200 in 276ms
 GET /admin 200 in 539ms
🔍 DEBUG: Checking cache for site_info Cache has: false
🔍 DEBUG: Checking cache for site_info Cache has: false
 GET /admin 200 in 580ms
 GET / 200 in 322ms
🔍 DEBUG: Checking cache for site_info Cache has: false
🔍 DEBUG: Checking cache for site_info Cache has: false
 GET / 200 in 254ms
 GET /admin 200 in 613ms
 GET /admin 200 in 512ms
 ✓ Compiled in 179ms
 ✓ Compiled / in 101ms
🔍 DEBUG: Checking cache for site_info Cache has: false
🔍 DEBUG: Checking cache for site_info Cache has: false
 GET / 200 in 561ms
 GET /pupuh-virtual/register 404 in 530ms
🔍 DEBUG: Checking cache for site_info Cache has: false
 GET /admin 200 in 1057ms
 GET /admin 200 in 556ms
🔍 DEBUG: Checking cache for site_info Cache has: false
 GET / 200 in 477ms
🔍 DEBUG: Checking cache for site_info Cache has: false
 GET /pupuh-virtual/register 404 in 1689ms
🔍 DEBUG: Checking cache for site_info Cache has: false
 GET / 200 in 1807ms
 GET /admin 200 in 2124ms
🔍 DEBUG: Checking cache for site_info Cache has: false
 GET /pupuh-virtual/register 404 in 702ms
🔍 DEBUG: Checking cache for site_info Cache has: false
 GET / 200 in 673ms
 GET /admin 200 in 1029ms
 GET /pupuh-virtual/register 404 in 634ms
🔍 DEBUG: Checking cache for site_info Cache has: false
🔍 DEBUG: Checking cache for site_info Cache has: false
 GET / 200 in 547ms
 GET /pupuh-virtual/register 404 in 522ms
 GET /admin 200 in 977ms
🔍 DEBUG: Checking cache for site_info Cache has: false
🔍 DEBUG: Checking cache for site_info Cache has: false
 GET / 200 in 507ms
 GET /pupuh-virtual/register 404 in 422ms
 GET /admin 200 in 836ms
🔍 DEBUG: Checking cache for site_info Cache has: false
🔍 DEBUG: Checking cache for site_info Cache has: false
 GET / 200 in 476ms
 GET /pupuh-virtual/register 404 in 434ms
🔍 DEBUG: Checking cache for site_info Cache has: false
 GET /admin 200 in 919ms
🔍 DEBUG: Checking cache for site_info Cache has: false
 GET /pupuh-virtual/register 404 in 518ms
 GET / 200 in 614ms
 GET /admin 200 in 818ms
🔍 DEBUG: Checking cache for site_info Cache has: false
🔍 DEBUG: Checking cache for site_info Cache has: false
 GET / 200 in 307ms
 GET /admin 200 in 852ms
 ✓ Compiled in 281ms
 ✓ Compiled / in 151ms
🔍 DEBUG: Checking cache for site_info Cache has: false
🔍 DEBUG: Checking cache for site_info Cache has: false
 GET / 200 in 852ms
🔍 DEBUG: Checking cache for site_info Cache has: false
🔍 DEBUG: Checking cache for site_info Cache has: false
 GET / 200 in 269ms
 GET /admin 200 in 1327ms
🔍 DEBUG: Checking cache for site_info Cache has: false
🔍 DEBUG: Checking cache for site_info Cache has: false
 GET / 200 in 411ms
 GET /admin 200 in 705ms
🔍 DEBUG: Checking cache for site_info Cache has: false
🔍 DEBUG: Checking cache for site_info Cache has: false
 GET / 200 in 331ms
 GET /admin 200 in 738ms
🔍 DEBUG: Checking cache for site_info Cache has: false
🔍 DEBUG: Checking cache for site_info Cache has: false
 GET / 200 in 422ms
 GET /admin 200 in 752ms
🔍 DEBUG: Checking cache for site_info Cache has: false
 GET /admin 200 in 657ms
🔍 DEBUG: Checking cache for site_info Cache has: false
 GET / 200 in 361ms
🔍 DEBUG: Checking cache for site_info Cache has: false
🔍 DEBUG: Checking cache for site_info Cache has: false
 GET /admin 200 in 785ms
 GET / 200 in 503ms
🔍 DEBUG: Checking cache for site_info Cache has: false
🔍 DEBUG: Checking cache for site_info Cache has: false
 GET /admin 200 in 848ms
 GET / 200 in 378ms
🔍 DEBUG: Checking cache for site_info Cache has: false
🔍 DEBUG: Checking cache for site_info Cache has: false
 GET /admin 200 in 650ms
 GET / 200 in 313ms
 GET /admin 200 in 528ms
 ✓ Compiled /_not-found/page in 40ms
 POST /api/admin-content-bypass/general-content 404 in 1023ms
 ✓ Compiled /api/admin-content-bypass in 208ms
 POST /api/admin-content-bypass 400 in 529ms
🔓 SERVICE ROLE BYPASS: Updating content section {
  section_key: 'hero_section',
  title: 'Hero Section',
  updated_by: 'api-test'
}
Service role update error: {
  message: 'Invalid API key',
  hint: 'Double check your Supabase `anon` or `service_role` API key.'
}
 POST /api/admin-content-bypass 500 in 549ms
 ✓ Compiled /api/dev-content-update-bypass in 173ms
 POST /api/dev-content-update-bypass 400 in 448ms
🔓 DIRECT BYPASS: Updating content section {
  section_key: 'hero_section',
  title: 'Hero Section',
  updated_by: 'api-test'
}
Direct bypass - upsert error: {
  code: '42501',
  details: null,
  hint: null,
  message: 'new row violates row-level security policy for table "content_sections"'
}
Direct bypass - RPC error: {
  code: 'PGRST202',
  details: 'Searched for the function public.exec_sql with parameter sql or with a single unnamed json/jsonb parameter, but no matches were found in the schema cache.',
  hint: null,
  message: 'Could not find the function public.exec_sql(sql) in the schema cache'
}
 POST /api/dev-content-update-bypass 500 in 616ms
 GET /admin 404 in 320ms
 ✓ Compiled middleware in 3ms
 ✓ Compiled in 239ms
🔍 DEBUG: Checking cache for site_info Cache has: false
🔍 DEBUG: Checking cache for site_info Cache has: false
 GET / 200 in 731ms
🔍 DEBUG: Checking cache for site_info Cache has: false
🔍 DEBUG: Checking cache for site_info Cache has: false
 GET / 200 in 270ms
 GET /admin 200 in 1004ms
 GET /admin 200 in 541ms
 ✓ Compiled /api/debug-cache in 240ms
🔍 DEBUG CACHE API: { action: 'state', sectionKey: null }
🔍 DEBUG: Current cache state:
Cache keys: []
Cache size: 0
 GET /api/debug-cache?action=state 200 in 708ms
🔍 DEBUG CACHE API: { action: 'get', sectionKey: 'hero_section' }
🔍 DEBUG: Checking cache for hero_section Cache has: false
 GET /api/debug-cache?action=get&sectionKey=hero_section 200 in 1198ms
🔍 DEBUG CACHE API: { action: 'update', sectionKey: 'hero_section' }
🔓 DEV BYPASS: Using development cache for content section update { sectionKey: 'hero_section', title: 'Test Section' }
✅ Development cache updated successfully: hero_section {
  id: 'dev-hero_section-1761050440092',
  section_key: 'hero_section',
  title: 'Test Section',
  content: {
    title: 'Updated Title at 2025-10-21T12:40:40.091Z',
    subtitle: 'Real-time update test',
    description: 'This should appear immediately on the homepage',
    timestamp: 1761050440091
  },
  updated_by: 'debug-api',
  updated_at: '2025-10-21T12:40:40.092Z',
  created_at: '2025-10-21T12:40:40.092Z'
}
🔍 DEBUG: Cache now has key: true
⚠️ Database update blocked by RLS, but cache works: invalid input syntax for type uuid: "dev-hero_section-1761050440092"
🔍 DEBUG: Checking cache for hero_section Cache has: true
📦 Using dev cache for content section: hero_section
 GET /api/debug-cache?action=update&sectionKey=hero_section 200 in 484ms
🔍 DEBUG CACHE API: { action: 'state', sectionKey: null }
🔍 DEBUG: Current cache state:
Cache keys: [ 'hero_section' ]
Cache size: 1
Key: hero_section, Value type: object
 GET /api/debug-cache?action=state 200 in 281ms
🔍 DEBUG CACHE API: { action: 'get', sectionKey: 'hero_section' }
🔍 DEBUG: Checking cache for hero_section Cache has: true
📦 Using dev cache for content section: hero_section
 GET /api/debug-cache?action=get&sectionKey=hero_section 200 in 279ms
🔍 DEBUG: Checking cache for site_info Cache has: false
 GET / 200 in 979ms
🔍 DEBUG: Checking cache for site_info Cache has: false
 GET / 200 in 386ms
🔍 DEBUG: Checking cache for site_info Cache has: false
 GET / 200 in 381ms
🔍 DEBUG: Checking cache for hero_section Cache has: false
 GET /api/content/general?section_key=hero_section 200 in 863ms
🔍 DEBUG: Checking cache for hero_section Cache has: false
 GET /api/content/general?section_key=hero_section 200 in 475ms
 ✓ Compiled in 240ms
 ✓ Compiled /admin in 79ms
🔍 DEBUG: Checking cache for site_info Cache has: false
🔍 DEBUG: Checking cache for site_info Cache has: false
 GET / 200 in 660ms
🔍 DEBUG: Checking cache for site_info Cache has: false
🔍 DEBUG: Checking cache for site_info Cache has: false
 GET / 200 in 309ms
🔍 DEBUG: Checking cache for site_info Cache has: false
🔍 DEBUG: Checking cache for site_info Cache has: false
 GET / 200 in 275ms
 GET /admin 200 in 1431ms
 GET /admin 200 in 772ms
🔍 DEBUG: Checking cache for site_info Cache has: false
🔍 DEBUG: Checking cache for site_info Cache has: false
 GET /admin 200 in 649ms
 GET / 200 in 364ms
🔍 DEBUG: Checking cache for site_info Cache has: false
🔍 DEBUG: Checking cache for site_info Cache has: false
 GET /admin 200 in 668ms
 GET / 200 in 308ms
 ✓ Compiled /_not-found/page in 105ms
🔍 DEBUG: Checking cache for site_info Cache has: false
🔍 DEBUG: Checking cache for site_info Cache has: false
🔍 DEBUG: Checking cache for site_info Cache has: false
 GET /admin 200 in 737ms
 GET /pupuh-virtual/register 404 in 456ms
 GET / 200 in 469ms
🔍 DEBUG: Checking cache for site_info Cache has: false
🔍 DEBUG: Checking cache for site_info Cache has: false
 GET /admin 200 in 770ms
 GET / 200 in 298ms
🔍 DEBUG: Checking cache for site_info Cache has: false
🔍 DEBUG: Checking cache for site_info Cache has: false
 GET /admin 200 in 742ms
 GET / 200 in 455ms
🔍 DEBUG: Checking cache for site_info Cache has: false
🔍 DEBUG: Checking cache for site_info Cache has: false
🔍 DEBUG: Checking cache for site_info Cache has: false
 GET /admin 200 in 805ms
 GET /pupuh-virtual/register 404 in 404ms
 GET / 200 in 375ms
🔍 DEBUG: Checking cache for site_info Cache has: false
 GET /pupuh-virtual/register 404 in 281ms
 GET /admin 200 in 626ms
🔍 DEBUG: Checking cache for site_info Cache has: false
 GET /pupuh-virtual/register 404 in 168ms
🔍 DEBUG: Checking cache for site_info Cache has: false
 GET /pupuh-virtual/register 404 in 276ms
🔍 DEBUG: Checking cache for site_info Cache has: false
 GET /pupuh-virtual/register 404 in 124ms
🔍 DEBUG: Checking cache for site_info Cache has: false
 GET /pupuh-virtual/register 404 in 116ms
🔍 DEBUG: Checking cache for site_info Cache has: false
 GET /pupuh-virtual/register 404 in 162ms
🔍 DEBUG: Checking cache for site_info Cache has: false
 GET /pupuh-virtual/register 404 in 117ms
🔍 DEBUG: Checking cache for site_info Cache has: false
 GET /pupuh-virtual/register 404 in 125ms
🔍 DEBUG: Checking cache for site_info Cache has: false
 GET /pupuh-virtual/register 404 in 138ms
🔍 DEBUG: Checking cache for site_info Cache has: false
 GET /pupuh-virtual/register 404 in 141ms
🔍 DEBUG: Checking cache for site_info Cache has: false
 GET /pupuh-virtual/register 404 in 153ms
🔍 DEBUG: Checking cache for site_info Cache has: false
 GET /pupuh-virtual/register 404 in 150ms
🔍 DEBUG: Checking cache for site_info Cache has: false
 GET /pupuh-virtual/register 404 in 125ms
🔍 DEBUG: Checking cache for site_info Cache has: false
 GET /pupuh-virtual/register 404 in 132ms
🔍 DEBUG: Checking cache for site_info Cache has: false
 GET /pupuh-virtual/register 404 in 136ms
🔍 DEBUG: Checking cache for site_info Cache has: false
 GET /pupuh-virtual/register 404 in 147ms
🔍 DEBUG CACHE API: { action: 'update', sectionKey: 'hero_section' }
🔓 DEV BYPASS: Using development cache for content section update { sectionKey: 'hero_section', title: 'Test Section' }
✅ Development cache updated successfully: hero_section {
  id: 'dev-hero_section-1761050608345',
  section_key: 'hero_section',
  title: 'Test Section',
  content: {
    title: 'Updated Title at 2025-10-21T12:43:28.345Z',
    subtitle: 'Real-time update test',
    description: 'This should appear immediately on the homepage',
    timestamp: 1761050608345
  },
  updated_by: 'debug-api',
  updated_at: '2025-10-21T12:43:28.345Z',
  created_at: '2025-10-21T12:43:28.345Z'
}
🔍 DEBUG: Cache now has key: true
⚠️ Database update blocked by RLS, but cache works: invalid input syntax for type uuid: "dev-hero_section-1761050608345"
🔍 DEBUG: Checking cache for hero_section Cache has: true
📦 Using dev cache for content section: hero_section
 GET /api/debug-cache?action=update&sectionKey=hero_section 200 in 643ms
🔍 DEBUG: Checking cache for hero_section Cache has: true
📦 Using dev cache for content section: hero_section
 GET /api/content/general?section_key=hero_section 200 in 427ms
 POST /api/debug-cache?action=update&sectionKey=hero_section 405 in 279ms
 ✓ Compiled middleware in 1ms
 ✓ Compiled in 127ms
🔍 DEBUG: Checking cache for site_info Cache has: false
🔍 DEBUG: Checking cache for site_info Cache has: false
 GET / 200 in 564ms
🔍 DEBUG: Checking cache for site_info Cache has: false
🔍 DEBUG: Checking cache for site_info Cache has: false
 GET / 200 in 248ms
 GET /admin 200 in 834ms
 GET /admin 200 in 545ms
 ✓ Compiled /api/debug-custom in 235ms
🔧 DEBUG CUSTOM: Updating content with custom structure {
  sectionKey: 'hero_section',
  content: {
    headline: 'REAL-TIME UPDATE WORKING! 🎉',
    subheadline: 'This content was updated instantly through the admin panel!',
    cta_text: 'REGISTER NOW!',
    cta_link: '/register',
    guidelines_text: 'VIEW GUIDELINES',
    guidelines_link: '/guidelines',
    timestamp: '1761050659'
  }
}
🔓 DEV BYPASS: Using development cache for content section update { sectionKey: 'hero_section', title: 'Hero Section' }
✅ Development cache updated successfully: hero_section {
  id: 'dev-hero_section-1761050659772',
  section_key: 'hero_section',
  title: 'Hero Section',
  content: {
    headline: 'REAL-TIME UPDATE WORKING! 🎉',
    subheadline: 'This content was updated instantly through the admin panel!',
    cta_text: 'REGISTER NOW!',
    cta_link: '/register',
    guidelines_text: 'VIEW GUIDELINES',
    guidelines_link: '/guidelines',
    timestamp: '1761050659'
  },
  updated_by: 'realtime-test',
  updated_at: '2025-10-21T12:44:19.772Z',
  created_at: '2025-10-21T12:44:19.772Z'
}
🔍 DEBUG: Cache now has key: true
⚠️ Database update blocked by RLS, but cache works: invalid input syntax for type uuid: "dev-hero_section-1761050659772"
🔍 DEBUG: Checking cache for hero_section Cache has: true
📦 Using dev cache for content section: hero_section
 POST /api/debug-custom 200 in 866ms
🔍 DEBUG: Checking cache for hero_section Cache has: true
📦 Using dev cache for content section: hero_section
 GET /api/content/general?section_key=hero_section 200 in 322ms
🔍 DEBUG: Checking cache for site_info Cache has: false
 GET / 200 in 695ms
🔍 DEBUG: Checking cache for site_info Cache has: false
 GET / 200 in 236ms
🔍 DEBUG: Checking cache for site_info Cache has: false
 GET / 200 in 606ms
🔍 DEBUG: Checking cache for hero_section Cache has: true
📦 Using dev cache for content section: hero_section
 GET /api/content/general?section_key=hero_section 200 in 292ms
 ✓ Compiled middleware in 2ms
 ✓ Compiled in 177ms
 ✓ Compiled in 143ms
🔍 DEBUG: Checking cache for site_info Cache has: false
🔍 DEBUG: Checking cache for site_info Cache has: false
 GET / 200 in 458ms
 GET /admin 200 in 756ms
Clerk: Refreshing the session token resulted in an infinite redirect loop. This usually means that your Clerk instance keys do not match - make sure to copy the correct publishable and secret keys from the Clerk dashboard.
 ✓ Compiled /register in 39ms
🔍 DEBUG: Checking cache for site_info Cache has: false
 GET /register?competition=sundanese-pop-cover 200 in 677ms
 ⚠ Cross origin request detected from 192.168.200.197 to /_next/* resource. In a future major version of Next.js, you will need to explicitly configure "allowedDevOrigins" in next.config to allow this.
Read more: https://nextjs.org/docs/app/api-reference/config/next-config-js/allowedDevOrigins
🔍 DEBUG: Checking cache for site_info Cache has: false
 GET /api/content/general?section_key=site_info 200 in 740ms
🔍 DEBUG: Checking cache for hero_section Cache has: true
📦 Using dev cache for content section: hero_section
 GET /api/content/general?section_key=hero_section 200 in 527ms
📦 Cached navigation items in development (active fetch)
 GET /api/content/navigation 200 in 831ms
📦 Cached contact info in development (active fetch)
 GET /api/content/contact 200 in 891ms
📦 Cached social media in development (active fetch)
 GET /api/content/social-media 200 in 527ms
 ○ Compiling /test-realtime ...
 ✓ Compiled /test-realtime in 775ms
 ⨯ ./src/app/test-realtime/page.tsx:112:73
Parsing ecmascript source code failed
[0m [90m 110 |[39m             curl [33m-[39m[33mX[39m [33mPOST[39m http[33m:[39m[90m//localhost:3000/api/debug-custom \<br/>[39m
 [90m 111 |[39m             [33m&[39mnbsp[33m;[39m[33m&[39mnbsp[33m;[39m[33m-[39m[33mH[39m [32m"Content-Type: application/json"[39m [37m[41m[1m\[22m[49m[39m[33m<[39m[33mbr[39m[33m/[39m[33m>[39m
[31m[1m>[22m[39m[90m 112 |[39m             [33m&[39mnbsp[33m;[39m[33m&[39mnbsp[33m;[39m[33m-[39md [32m'{{"sectionKey": "hero_section", "content": {{"headline": "NEW TEST at '[39m$[32m'{new Date().toLocaleTimeString()}'[39m[32m"}}}}'[39m
 [90m     |[39m                                                                         [31m[1m^[22m[39m
 [90m 113 |[39m           [33m<[39m[33m/[39m[33mdiv[39m[33m>[39m
 [90m 114 |[39m           [33m<[39m[33mp[39m className[33m=[39m[32m"text-sm text-gray-500 mt-2"[39m[33m>[39m
 [90m 115 |[39m             [33mThis[39m page auto[33m-[39mrefreshes every [35m5[39m seconds to test real[33m-[39mtime updates[33m.[39m[0m

Expected '</', got '{'


 ○ Compiling /_error ...
 ✓ Compiled /_error in 2.5s
 GET /test-realtime 500 in 3707ms
 ✓ Compiled in 155ms
 ✓ Compiled in 194ms
 ✓ Compiled in 253ms
 ✓ Compiled middleware in 111ms
 ✓ Compiled / in 122ms
🔍 DEBUG: Checking cache for site_info Cache has: false
🔍 DEBUG: Checking cache for site_info Cache has: false
🔍 DEBUG: Checking cache for site_info Cache has: false
 GET /register?competition=sundanese-pop-cover 200 in 761ms
 GET / 200 in 746ms
🔍 DEBUG: Checking cache for site_info Cache has: false
🔍 DEBUG: Checking cache for site_info Cache has: false
🔍 DEBUG: Checking cache for site_info Cache has: false
 GET /register?competition=sundanese-pop-cover 200 in 334ms
 GET /admin 200 in 1076ms
 GET / 200 in 344ms
 GET /admin 200 in 578ms
🔍 DEBUG: Checking cache for hero_section Cache has: true
📦 Using dev cache for content section: hero_section
 GET /api/content/general?section_key=hero_section 200 in 464ms
🔍 DEBUG: Checking cache for hero_section Cache has: true
📦 Using dev cache for content section: hero_section
 GET /api/content/general?section_key=hero_section 200 in 361ms
 ○ Compiling /test-hook ...
 ✓ Compiled /test-hook in 666ms
🔍 DEBUG: Checking cache for site_info Cache has: false
🧪 TestHookPage: Rendering
🧪 TestHookPage: Hook state: {
  loading: true,
  error: null,
  hasData: false,
  hasContent: true,
  contentKeys: [],
  dataKeys: []
}
 GET /test-hook 200 in 1583ms
🔍 DEBUG: Checking cache for hero_section Cache has: true
📦 Using dev cache for content section: hero_section
 GET /api/content/general?section_key=hero_section 200 in 314ms
🔍 DEBUG: Checking cache for site_info Cache has: false
🔍 HeroSectionDebug: Rendering component
🔍 HeroSectionDebug: Hook state: {
  loading: true,
  error: null,
  hasData: false,
  hasContent: true,
  contentKeys: [],
  dataKeys: []
}
🔍 HeroSectionDebug: Showing loading state
 GET / 200 in 645ms
 ✓ Compiled in 136ms
🔍 DEBUG: Checking cache for site_info Cache has: false
🧪 TestHookPage: Rendering
🧪 TestHookPage: Hook state: {
  loading: true,
  error: null,
  hasData: false,
  hasContent: true,
  contentKeys: [],
  dataKeys: []
}
 GET /test-hook 200 in 818ms
[?25h
